-8.04429e-06,-7.89334e-06,-7.96526e-06,-8.02007e-06,-7.9967e-06,-7.97128e-06,-8.07326e-06,-7.93484e-06,-8.02701e-06,-7.90172e-06,-8.0456e-06,-7.91659e-06,-7.90804e-06,-7.9386e-06,-7.89979e-06,-8.02506e-06,-8.01651e-06,-7.98744e-06,-7.9729e-06,-8.00462e-06,-7.93811e-06,-7.93526e-06,-7.88792e-06,-7.98414e-06,-7.93534e-06,-7.83546e-06,-7.83234e-06,-7.89086e-06,-7.86519e-06,-7.85781e-06,-7.81927e-06,-7.88379e-06,-7.85012e-06,-7.90692e-06,-7.7945e-06,-7.85186e-06,-7.70145e-06,-7.79682e-06,-7.86169e-06,-7.89341e-06,-7.82208e-06,-7.6708e-06,-7.78183e-06,-7.75958e-06,-7.81523e-06,-7.76957e-06,-7.78014e-06,-7.81211e-06,-7.79814e-06,-7.77758e-06
-1.04506e-05,-1.04486e-05,-1.05214e-05,-1.04377e-05,-1.03316e-05,-1.02757e-05,-1.02903e-05,-1.02577e-05,-1.0175e-05,-1.0137e-05,-1.01482e-05,-1.00694e-05,-1.008e-05,-9.96327e-06,-9.96815e-06,-9.89876e-06,-9.96928e-06,-9.81662e-06,-9.88485e-06,-9.8158e-06,-9.71163e-06,-9.69422e-06,-9.72764e-06,-9.67205e-06,-9.66291e-06,-9.59699e-06,-9.56221e-06,-9.55449e-06,-9.49031e-06,-9.42184e-06,-9.37444e-06,-9.41415e-06,-9.28658e-06,-9.33195e-06,-9.26461e-06,-9.19898e-06,-9.13363e-06,-9.15108e-06,-9.12376e-06,-9.08355e-06,-9.10613e-06,-9.00566e-06,-9.02164e-06,-8.97597e-06,-9.05646e-06,-8.91292e-06,-8.9974e-06,-8.90549e-06,-8.92377e-06,-8.76167e-06
-1.08684e-05,-1.07371e-05,-1.07782e-05,-1.0724e-05,-1.06772e-05,-1.05947e-05,-1.06111e-05,-1.04972e-05,-1.05677e-05,-1.03799e-05,-1.04681e-05,-1.0306e-05,-1.04253e-05,-1.03212e-05,-1.02022e-05,-1.03126e-05,-1.02359e-05,-1.02539e-05,-1.01289e-05,-1.01326e-05,-1.00564e-05,-1.00604e-05,-9.98252e-06,-1.00679e-05,-9.91635e-06,-9.85614e-06,-9.81135e-06,-9.85619e-06,-9.79798e-06,-9.7586e-06,-9.73349e-06,-9.67813e-06,-9.71069e-06,-9.58367e-06,-9.51978e-06,-9.50664e-06,-9.38849e-06,-9.5261e-06,-9.41201e-06,-9.51794e-06,-9.40179e-06,-9.26737e-06,-9.30619e-06,-9.25483e-06,-9.36442e-06,-9.21944e-06,-9.2694e-06,-9.16809e-06,-9.11956e-06,-9.03994e-06
-1.11338e-05,-1.10365e-05,-1.10936e-05,-1.10802e-05,-1.09718e-05,-1.09007e-05,-1.08674e-05,-1.08485e-05,-1.08011e-05,-1.07447e-05,-1.07561e-05,-1.06574e-05,-1.07145e-05,-1.06442e-05,-1.05535e-05,-1.05874e-05,-1.0616e-05,-1.04114e-05,-1.05319e-05,-1.03424e-05,-1.03307e-05,-1.03726e-05,-1.03598e-05,-1.02934e-05,-1.02489e-05,-1.02063e-05,-1.02335e-05,-1.01253e-05,-1.01387e-05,-1.00897e-05,-9.99265e-06,-1.00315e-05,-9.93245e-06,-9.96356e-06,-9.90365e-06,-9.81403e-06,-9.81461e-06,-9.79781e-06,-9.73852e-06,-9.7631e-06,-9.59529e-06,-9.67751e-06,-9.64895e-06,-9.65183e-06,-9.5996e-06,-9.5348e-06,-9.57763e-06,-9.50916e-06,-9.46063e-06,-9.39641e-06
-1.15436e-05,-1.13533e-05,-1.1405e-05,-1.14104e-05,-1.12943e-05,-1.13465e-05,-1.12367e-05,-1.11234e-05,-1.11451e-05,-1.10495e-05,-1.10438e-05,-1.09174e-05,-1.09921e-05,-1.09565e-05,-1.08463e-05,-1.088e-05,-1.08817e-05,-1.08281e-05,-1.07904e-05,-1.0777e-05,-1.07751e-05,-1.06281e-05,-1.06464e-05,-1.07152e-05,-1.05848e-05,-1.04954e-05,-1.0411e-05,-1.05064e-05,-1.03414e-05,-1.03771e-05,-1.04379e-05,-1.03394e-05,-1.03214e-05,-1.02952e-05,-1.0233e-05,-1.02573e-05,-1.00952e-05,-1.02142e-05,-1.00987e-05,-1.01124e-05,-1.0032e-05,-9.9355e-06,-9.94435e-06,-9.89213e-06,-9.95807e-06,-9.81679e-06,-9.84992e-06,-9.77572e-06,-9.81338e-06,-9.71948e-06
-1.17588e-05,-1.16501e-05,-1.17192e-05,-1.16847e-05,-1.15802e-05,-1.15891e-05,-1.1463e-05,-1.1501e-05,-1.1374e-05,-1.14191e-05,-1.14008e-05,-1.13346e-05,-1.12276e-05,-1.12245e-05,-1.11803e-05,-1.11557e-05,-1.12336e-05,-1.11514e-05,-1.10807e-05,-1.10014e-05,-1.09383e-05,-1.09457e-05,-1.10285e-05,-1.09669e-05,-1.0951e-05,-1.08396e-05,-1.08288e-05,-1.07994e-05,-1.06859e-05,-1.06645e-05,-1.06468e-05,-1.0568e-05,-1.06003e-05,-1.06443e-05,-1.04942e-05,-1.0479e-05,-1.03706e-05,-1.04959e-05,-1.0351e-05,-1.03856e-05,-1.03456e-05,-1.03008e-05,-1.02991e-05,-1.01875e-05,-1.02834e-05,-1.02272e-05,-1.01838e-05,-1.01573e-05,-1.01131e-05,-1.00805e-05
-1.20237e-05,-1.19706e-05,-1.20571e-05,-1.20377e-05,-1.19567e-05,-1.1907e-05,-1.17989e-05,-1.18192e-05,-1.17952e-05,-1.16397e-05,-1.1739e-05,-1.16123e-05,-1.1571e-05,-1.16052e-05,-1.14876e-05,-1.14691e-05,-1.14854e-05,-1.14837e-05,-1.14049e-05,-1.13624e-05,-1.13048e-05,-1.13085e-05,-1.11878e-05,-1.12652e-05,-1.11553e-05,-1.11533e-05,-1.10477e-05,-1.11271e-05,-1.10703e-05,-1.10275e-05,-1.10275e-05,-1.10056e-05,-1.09545e-05,-1.09239e-05,-1.09063e-05,-1.07987e-05,-1.0674e-05,-1.07585e-05,-1.07106e-05,-1.07457e-05,-1.06636e-05,-1.05845e-05,-1.05229e-05,-1.05203e-05,-1.05223e-05,-1.05283e-05,-1.04301e-05,-1.0463e-05,-1.04644e-05,-1.03656e-05
-1.23077e-05,-1.22415e-05,-1.22989e-05,-1.23551e-05,-1.22119e-05,-1.21268e-05,-1.22031e-05,-1.21471e-05,-1.20138e-05,-1.2041e-05,-1.20347e-05,-1.19947e-05,-1.19414e-05,-1.18412e-05,-1.18164e-05,-1.1799e-05,-1.18219e-05,-1.1843e-05,-1.16952e-05,-1.16766e-05,-1.15827e-05,-1.16527e-05,-1.16008e-05,-1.15614e-05,-1.15149e-05,-1.14687e-05,-1.14322e-05,-1.1328e-05,-1.13997e-05,-1.13192e-05,-1.12373e-05,-1.11705e-05,-1.12562e-05,-1.12753e-05,-1.11668e-05,-1.1104e-05,-1.10838e-05,-1.11324e-05,-1.10314e-05,-1.1016e-05,-1.09373e-05,-1.09224e-05,-1.09572e-05,-1.0929e-05,-1.09199e-05,-1.08149e-05,-1.09013e-05,-1.0713e-05,-1.06491e-05,-1.06274e-05
-1.26456e-05,-1.26294e-05,-1.26105e-05,-1.26645e-05,-1.25486e-05,-1.25204e-05,-1.24659e-05,-1.24032e-05,-1.23675e-05,-1.2293e-05,-1.23746e-05,-1.22425e-05,-1.2202e-05,-1.22562e-05,-1.21278e-05,-1.20173e-05,-1.20385e-05,-1.2123e-05,-1.20168e-05,-1.20214e-05,-1.19837e-05,-1.19013e-05,-1.19033e-05,-1.19096e-05,-1.17635e-05,-1.1818e-05,-1.17119e-05,-1.1735e-05,-1.16625e-05,-1.16854e-05,-1.15903e-05,-1.16209e-05,-1.1559e-05,-1.1503e-05,-1.14517e-05,-1.14448e-05,-1.14214e-05,-1.14029e-05,-1.13445e-05,-1.13163e-05,-1.12184e-05,-1.11525e-05,-1.12478e-05,-1.11442e-05,-1.11682e-05,-1.10349e-05,-1.11862e-05,-1.11408e-05,-1.10446e-05,-1.09955e-05
-1.29727e-05,-1.28465e-05,-1.2905e-05,-1.29151e-05,-1.28249e-05,-1.27647e-05,-1.27642e-05,-1.2777e-05,-1.26457e-05,-1.26266e-05,-1.27014e-05,-1.25399e-05,-1.24894e-05,-1.25e-05,-1.2393e-05,-1.2442e-05,-1.2466e-05,-1.24441e-05,-1.23596e-05,-1.22577e-05,-1.22226e-05,-1.22332e-05,-1.21898e-05,-1.21967e-05,-1.21719e-05,-1.20723e-05,-1.20646e-05,-1.2037e-05,-1.20821e-05,-1.19066e-05,-1.19091e-05,-1.18084e-05,-1.18643e-05,-1.19017e-05,-1.17046e-05,-1.16797e-05,-1.16655e-05,-1.16467e-05,-1.15993e-05,-1.16271e-05,-1.14502e-05,-1.15189e-05,-1.1544e-05,-1.15455e-05,-1.15843e-05,-1.14159e-05,-1.15389e-05,-1.14562e-05,-1.13668e-05,-1.13608e-05
-1.32818e-05,-1.31691e-05,-1.32233e-05,-1.32125e-05,-1.32259e-05,-1.31328e-05,-1.30165e-05,-1.30847e-05,-1.30171e-05,-1.28609e-05,-1.30102e-05,-1.28341e-05,-1.28784e-05,-1.28316e-05,-1.27126e-05,-1.27123e-05,-1.2661e-05,-1.27726e-05,-1.25956e-05,-1.2566e-05,-1.26008e-05,-1.24318e-05,-1.25646e-05,-1.24271e-05,-1.24322e-05,-1.24039e-05,-1.22773e-05,-1.23772e-05,-1.21803e-05,-1.22816e-05,-1.22185e-05,-1.22442e-05,-1.21646e-05,-1.21149e-05,-1.21061e-05,-1.20958e-05,-1.20308e-05,-1.19983e-05,-1.19524e-05,-1.20041e-05,-1.19031e-05,-1.1814e-05,-1.17892e-05,-1.17872e-05,-1.18169e-05,-1.17524e-05,-1.18255e-05,-1.16856e-05,-1.17687e-05,-1.16129e-05
-1.35506e-05,-1.3475e-05,-1.35304e-05,-1.3467e-05,-1.33737e-05,-1.33283e-05,-1.33644e-05,-1.33244e-05,-1.33242e-05,-1.32688e-05,-1.32437e-05,-1.31118e-05,-1.31218e-05,-1.30947e-05,-1.30488e-05,-1.3032e-05,-1.30368e-05,-1.30882e-05,-1.2879e-05,-1.28776e-05,-1.27866e-05,-1.28194e-05,-1.285e-05,-1.27376e-05,-1.27776e-05,-1.26317e-05,-1.26657e-05,-1.25647e-05,-1.25818e-05,-1.25596e-05,-1.24879e-05,-1.2482e-05,-1.24297e-05,-1.24286e-05,-1.23658e-05,-1.23872e-05,-1.2242e-05,-1.22757e-05,-1.22101e-05,-1.2283e-05,-1.21054e-05,-1.2102e-05,-1.2146e-05,-1.21254e-05,-1.21194e-05,-1.20156e-05,-1.21466e-05,-1.20589e-05,-1.19505e-05,-1.19753e-05
-1.38335e-05,-1.38204e-05,-1.38303e-05,-1.39128e-05,-1.37293e-05,-1.36888e-05,-1.36709e-05,-1.36344e-05,-1.35705e-05,-1.35331e-05,-1.35528e-05,-1.34575e-05,-1.34238e-05,-1.34047e-05,-1.33328e-05,-1.32706e-05,-1.33733e-05,-1.32869e-05,-1.32369e-05,-1.31716e-05,-1.31471e-05,-1.309e-05,-1.3104e-05,-1.30712e-05,-1.29534e-05,-1.29936e-05,-1.29922e-05,-1.294e-05,-1.2847e-05,-1.29346e-05,-1.2849e-05,-1.27811e-05,-1.27577e-05,-1.27348e-05,-1.271e-05,-1.26695e-05,-1.25651e-05,-1.26139e-05,-1.25829e-05,-1.25529e-05,-1.24091e-05,-1.23309e-05,-1.24422e-05,-1.23529e-05,-1.23809e-05,-1.22541e-05,-1.23386e-05,-1.22465e-05,-1.23127e-05,-1.22976e-05
-1.41557e-05,-1.40681e-05,-1.40313e-05,-1.40884e-05,-1.40276e-05,-1.39109e-05,-1.39737e-05,-1.38992e-05,-1.37842e-05,-1.38562e-05,-1.38559e-05,-1.37528e-05,-1.36658e-05,-1.36764e-05,-1.36513e-05,-1.36019e-05,-1.36601e-05,-1.35768e-05,-1.34969e-05,-1.35018e-05,-1.34624e-05,-1.34676e-05,-1.33885e-05,-1.33318e-05,-1.33232e-05,-1.32719e-05,-1.32553e-05,-1.32925e-05,-1.32671e-05,-1.30765e-05,-1.30279e-05,-1.30322e-05,-1.30325e-05,-1.30459e-05,-1.29418e-05,-1.3002e-05,-1.28733e-05,-1.29022e-05,-1.27949e-05,-1.28923e-05,-1.28018e-05,-1.26209e-05,-1.27473e-05,-1.26794e-05,-1.27636e-05,-1.26349e-05,-1.26868e-05,-1.26546e-05,-1.25758e-05,-1.25647e-05
-1.44348e-05,-1.44517e-05,-1.43543e-05,-1.44329e-05,-1.42534e-05,-1.42642e-05,-1.41875e-05,-1.42529e-05,-1.41019e-05,-1.40485e-05,-1.41741e-05,-1.40226e-05,-1.40017e-05,-1.39398e-05,-1.39407e-05,-1.38842e-05,-1.38611e-05,-1.38919e-05,-1.38488e-05,-1.3743e-05,-1.37298e-05,-1.36608e-05,-1.3642e-05,-1.35518e-05,-1.36021e-05,-1.36757e-05,-1.34657e-05,-1.35545e-05,-1.34186e-05,-1.34709e-05,-1.34749e-05,-1.34064e-05,-1.33025e-05,-1.32891e-05,-1.3296e-05,-1.32514e-05,-1.31952e-05,-1.31704e-05,-1.30778e-05,-1.31434e-05,-1.30399e-05,-1.29286e-05,-1.30698e-05,-1.3025e-05,-1.29551e-05,-1.28455e-05,-1.28598e-05,-1.29488e-05,-1.28775e-05,-1.28275e-05
-1.47504e-05,-1.46386e-05,-1.46412e-05,-1.46372e-05,-1.45359e-05,-1.44737e-05,-1.45003e-05,-1.44678e-05,-1.44555e-05,-1.4363e-05,-1.43588e-05,-1.43157e-05,-1.42849e-05,-1.4324e-05,-1.41996e-05,-1.42272e-05,-1.42626e-05,-1.41431e-05,-1.40806e-05,-1.40826e-05,-1.40221e-05,-1.40618e-05,-1.39397e-05,-1.38923e-05,-1.3924e-05,-1.38826e-05,-1.38027e-05,-1.3754e-05,-1.3811e-05,-1.36778e-05,-1.3706e-05,-1.36704e-05,-1.36641e-05,-1.3609e-05,-1.34818e-05,-1.34795e-05,-1.34198e-05,-1.35278e-05,-1.3406e-05,-1.35387e-05,-1.3301e-05,-1.33133e-05,-1.33053e-05,-1.32942e-05,-1.33301e-05,-1.31774e-05,-1.32331e-05,-1.32354e-05,-1.31212e-05,-1.31766e-05
-1.49625e-05,-1.49742e-05,-1.49717e-05,-1.49577e-05,-1.49006e-05,-1.48901e-05,-1.47535e-05,-1.48297e-05,-1.46604e-05,-1.46875e-05,-1.46539e-05,-1.46379e-05,-1.46014e-05,-1.4528e-05,-1.44947e-05,-1.44373e-05,-1.45244e-05,-1.44136e-05,-1.44131e-05,-1.43089e-05,-1.43289e-05,-1.42867e-05,-1.42742e-05,-1.41238e-05,-1.41098e-05,-1.41795e-05,-1.41081e-05,-1.40702e-05,-1.40491e-05,-1.40257e-05,-1.39227e-05,-1.39792e-05,-1.38996e-05,-1.38277e-05,-1.38565e-05,-1.38014e-05,-1.37141e-05,-1.3802e-05,-1.37502e-05,-1.37308e-05,-1.3583e-05,-1.35744e-05,-1.36475e-05,-1.35975e-05,-1.35328e-05,-1.34403e-05,-1.34834e-05,-1.3496e-05,-1.34646e-05,-1.33678e-05
-1.53059e-05,-1.51752e-05,-1.52474e-05,-1.5234e-05,-1.52e-05,-1.51258e-05,-1.51408e-05,-1.50845e-05,-1.50409e-05,-1.49067e-05,-1.49276e-05,-1.49062e-05,-1.48714e-05,-1.4816e-05,-1.46885e-05,-1.48009e-05,-1.4755e-05,-1.46428e-05,-1.46685e-05,-1.4658e-05,-1.4642e-05,-1.46041e-05,-1.44502e-05,-1.44934e-05,-1.44734e-05,-1.43969e-05,-1.43193e-05,-1.4375e-05,-1.44087e-05,-1.42683e-05,-1.42538e-05,-1.42087e-05,-1.42506e-05,-1.41593e-05,-1.4088e-05,-1.39881e-05,-1.39924e-05,-1.40934e-05,-1.39859e-05,-1.40076e-05,-1.39329e-05,-1.38187e-05,-1.38261e-05,-1.37728e-05,-1.39506e-05,-1.37685e-05,-1.37799e-05,-1.38425e-05,-1.37269e-05,-1.37194e-05
-1.55379e-05,-1.54315e-05,-1.55325e-05,-1.55046e-05,-1.54555e-05,-1.5349e-05,-1.52712e-05,-1.52854e-05,-1.53545e-05,-1.5298e-05,-1.52292e-05,-1.51736e-05,-1.50566e-05,-1.51046e-05,-1.5001e-05,-1.50261e-05,-1.50347e-05,-1.50843e-05,-1.49876e-05,-1.49266e-05,-1.48692e-05,-1.47587e-05,-1.48073e-05,-1.4728e-05,-1.46689e-05,-1.47637e-05,-1.46313e-05,-1.46016e-05,-1.46333e-05,-1.45423e-05,-1.45446e-05,-1.45383e-05,-1.43959e-05,-1.44281e-05,-1.43674e-05,-1.43094e-05,-1.43563e-05,-1.42912e-05,-1.42753e-05,-1.42271e-05,-1.41273e-05,-1.41078e-05,-1.41858e-05,-1.41641e-05,-1.4123e-05,-1.39968e-05,-1.40651e-05,-1.40673e-05,-1.39917e-05,-1.39444e-05
-1.58941e-05,-1.57623e-05,-1.57571e-05,-1.57195e-05,-1.57052e-05,-1.56946e-05,-1.56876e-05,-1.55469e-05,-1.55375e-05,-1.54661e-05,-1.5485e-05,-1.54202e-05,-1.53155e-05,-1.5348e-05,-1.52341e-05,-1.53366e-05,-1.5303e-05,-1.53209e-05,-1.51785e-05,-1.52137e-05,-1.51398e-05,-1.51141e-05,-1.5109e-05,-1.50291e-05,-1.49968e-05,-1.50217e-05,-1.48724e-05,-1.49621e-05,-1.49467e-05,-1.47903e-05,-1.48448e-05,-1.47986e-05,-1.48097e-05,-1.47084e-05,-1.46982e-05,-1.46234e-05,-1.45503e-05,-1.45595e-05,-1.45279e-05,-1.46666e-05,-1.45048e-05,-1.44306e-05,-1.44115e-05,-1.44024e-05,-1.44055e-05,-1.43016e-05,-1.42925e-05,-1.42717e-05,-1.42198e-05,-1.42426e-05
-1.61509e-05,-1.60371e-05,-1.60049e-05,-1.60914e-05,-1.60043e-05,-1.59058e-05,-1.59031e-05,-1.59002e-05,-1.57935e-05,-1.58274e-05,-1.57304e-05,-1.57341e-05,-1.55709e-05,-1.55906e-05,-1.55484e-05,-1.54919e-05,-1.55436e-05,-1.54859e-05,-1.55573e-05,-1.54297e-05,-1.53855e-05,-1.53341e-05,-1.5335e-05,-1.52697e-05,-1.52991e-05,-1.52406e-05,-1.52323e-05,-1.51793e-05,-1.51587e-05,-1.50643e-05,-1.49895e-05,-1.50304e-05,-1.50598e-05,-1.49427e-05,-1.50127e-05,-1.47764e-05,-1.48577e-05,-1.47656e-05,-1.48165e-05,-1.48034e-05,-1.47543e-05,-1.47275e-05,-1.47021e-05,-1.47563e-05,-1.46633e-05,-1.45668e-05,-1.46364e-05,-1.45668e-05,-1.45674e-05,-1.44301e-05
-1.64403e-05,-1.63328e-05,-1.62457e-05,-1.62966e-05,-1.62812e-05,-1.61413e-05,-1.62381e-05,-1.61525e-05,-1.61286e-05,-1.59602e-05,-1.60875e-05,-1.59062e-05,-1.58617e-05,-1.58897e-05,-1.57661e-05,-1.5797e-05,-1.58583e-05,-1.57927e-05,-1.57693e-05,-1.57368e-05,-1.5708e-05,-1.56158e-05,-1.55659e-05,-1.55705e-05,-1.55171e-05,-1.54786e-05,-1.54356e-05,-1.54983e-05,-1.53905e-05,-1.54105e-05,-1.5332e-05,-1.53631e-05,-1.52826e-05,-1.52932e-05,-1.52513e-05,-1.51288e-05,-1.51092e-05,-1.51537e-05,-1.51752e-05,-1.51227e-05,-1.50166e-05,-1.49786e-05,-1.49746e-05,-1.48536e-05,-1.48411e-05,-1.48322e-05,-1.48474e-05,-1.48497e-05,-1.4814e-05,-1.48026e-05
-1.65962e-05,-1.65802e-05,-1.66082e-05,-1.64612e-05,-1.64787e-05,-1.64755e-05,-1.64542e-05,-1.64042e-05,-1.6289e-05,-1.63121e-05,-1.63007e-05,-1.62359e-05,-1.61386e-05,-1.60361e-05,-1.61241e-05,-1.60304e-05,-1.59985e-05,-1.60145e-05,-1.60975e-05,-1.60117e-05,-1.58864e-05,-1.59072e-05,-1.58653e-05,-1.58131e-05,-1.57101e-05,-1.57983e-05,-1.57169e-05,-1.56816e-05,-1.57304e-05,-1.55857e-05,-1.55763e-05,-1.55623e-05,-1.55732e-05,-1.55544e-05,-1.54924e-05,-1.54305e-05,-1.54337e-05,-1.53906e-05,-1.53527e-05,-1.52837e-05,-1.52089e-05,-1.52278e-05,-1.53051e-05,-1.52974e-05,-1.51028e-05,-1.50788e-05,-1.51159e-05,-1.50888e-05,-1.50623e-05,-1.49966e-05
-1.68847e-05,-1.68551e-05,-1.67578e-05,-1.68194e-05,-1.6786e-05,-1.67178e-05,-1.67379e-05,-1.66209e-05,-1.66677e-05,-1.64479e-05,-1.65019e-05,-1.64331e-05,-1.63875e-05,-1.64023e-05,-1.63629e-05,-1.62801e-05,-1.63669e-05,-1.63024e-05,-1.6307e-05,-1.63039e-05,-1.61849e-05,-1.61632e-05,-1.60605e-05,-1.60717e-05,-1.6014e-05,-1.60591e-05,-1.59305e-05,-1.59564e-05,-1.59245e-05,-1.58797e-05,-1.59008e-05,-1.58201e-05,-1.58138e-05,-1.57219e-05,-1.5755e-05,-1.5642e-05,-1.56597e-05,-1.56052e-05,-1.56384e-05,-1.56265e-05,-1.56068e-05,-1.54986e-05,-1.54812e-05,-1.54498e-05,-1.5419e-05,-1.526e-05,-1.53574e-05,-1.53403e-05,-1.52889e-05,-1.53203e-05
-1.71653e-05,-1.70063e-05,-1.70486e-05,-1.71028e-05,-1.70004e-05,-1.69193e-05,-1.69377e-05,-1.68446e-05,-1.68706e-05,-1.68055e-05,-1.67211e-05,-1.67436e-05,-1.66261e-05,-1.66058e-05,-1.65821e-05,-1.65872e-05,-1.65967e-05,-1.64871e-05,-1.65559e-05,-1.64275e-05,-1.64004e-05,-1.6381e-05,-1.63519e-05,-1.62652e-05,-1.62758e-05,-1.63223e-05,-1.62364e-05,-1.61853e-05,-1.61925e-05,-1.6122e-05,-1.60178e-05,-1.60852e-05,-1.60518e-05,-1.60695e-05,-1.60127e-05,-1.58775e-05,-1.58812e-05,-1.5809e-05,-1.58102e-05,-1.57783e-05,-1.57358e-05,-1.57155e-05,-1.57406e-05,-1.57503e-05,-1.56961e-05,-1.55868e-05,-1.56573e-05,-1.56037e-05,-1.55554e-05,-1.54992e-05
-1.74961e-05,-1.73366e-05,-1.72817e-05,-1.72835e-05,-1.72695e-05,-1.72304e-05,-1.71922e-05,-1.70841e-05,-1.70921e-05,-1.69928e-05,-1.70875e-05,-1.69303e-05,-1.68852e-05,-1.69591e-05,-1.68721e-05,-1.68892e-05,-1.68924e-05,-1.68439e-05,-1.68019e-05,-1.6792e-05,-1.67646e-05,-1.66064e-05,-1.65574e-05,-1.6616e-05,-1.64858e-05,-1.65029e-05,-1.64042e-05,-1.64488e-05,-1.64077e-05,-1.63869e-05,-1.63352e-05,-1.63247e-05,-1.63073e-05,-1.6309e-05,-1.62904e-05,-1.62005e-05,-1.61206e-05,-1.61118e-05,-1.61499e-05,-1.60395e-05,-1.60012e-05,-1.59618e-05,-1.59795e-05,-1.60015e-05,-1.59253e-05,-1.58288e-05,-1.58406e-05,-1.59142e-05,-1.58229e-05,-1.58842e-05
-1.76419e-05,-1.75218e-05,-1.75686e-05,-1.75221e-05,-1.74536e-05,-1.74502e-05,-1.74745e-05,-1.7392e-05,-1.72876e-05,-1.73298e-05,-1.73036e-05,-1.72148e-05,-1.71923e-05,-1.7063e-05,-1.70856e-05,-1.70676e-05,-1.7107e-05,-1.70242e-05,-1.70134e-05,-1.70032e-05,-1.69004e-05,-1.68619e-05,-1.68733e-05,-1.6842e-05,-1.68606e-05,-1.67042e-05,-1.67538e-05,-1.66691e-05,-1.66771e-05,-1.66061e-05,-1.65564e-05,-1.65838e-05,-1.65179e-05,-1.65613e-05,-1.65042e-05,-1.63272e-05,-1.63561e-05,-1.6327e-05,-1.63839e-05,-1.62929e-05,-1.62598e-05,-1.61859e-05,-1.63226e-05,-1.61702e-05,-1.61702e-05,-1.61354e-05,-1.61157e-05,-1.61879e-05,-1.60375e-05,-1.60763e-05
-1.7818e-05,-1.77818e-05,-1.78063e-05,-1.77787e-05,-1.77204e-05,-1.77456e-05,-1.76086e-05,-1.76203e-05,-1.76235e-05,-1.7454e-05,-1.75659e-05,-1.74292e-05,-1.73733e-05,-1.72682e-05,-1.7325e-05,-1.73167e-05,-1.7369e-05,-1.73904e-05,-1.72626e-05,-1.72052e-05,-1.71502e-05,-1.71125e-05,-1.69909e-05,-1.70526e-05,-1.70172e-05,-1.69933e-05,-1.69465e-05,-1.69679e-05,-1.69049e-05,-1.6914e-05,-1.68235e-05,-1.68572e-05,-1.68201e-05,-1.66894e-05,-1.67728e-05,-1.66112e-05,-1.6567e-05,-1.65539e-05,-1.66705e-05,-1.65871e-05,-1.65055e-05,-1.64296e-05,-1.64881e-05,-1.63637e-05,-1.64034e-05,-1.63183e-05,-1.63126e-05,-1.6374e-05,-1.62735e-05,-1.63012e-05
-1.81077e-05,-1.79228e-05,-1.81223e-05,-1.8041e-05,-1.79182e-05,-1.78615e-05,-1.79089e-05,-1.78969e-05,-1.78975e-05,-1.78219e-05,-1.77782e-05,-1.77831e-05,-1.7601e-05,-1.74854e-05,-1.75936e-05,-1.76352e-05,-1.76336e-05,-1.75654e-05,-1.75503e-05,-1.7435e-05,-1.73922e-05,-1.73765e-05,-1.74153e-05,-1.73383e-05,-1.72978e-05,-1.72519e-05,-1.72447e-05,-1.71551e-05,-1.72602e-05,-1.70587e-05,-1.71067e-05,-1.70778e-05,-1.69974e-05,-1.70262e-05,-1.69694e-05,-1.68635e-05,-1.68972e-05,-1.68148e-05,-1.68551e-05,-1.68063e-05,-1.67535e-05,-1.67142e-05,-1.67633e-05,-1.66925e-05,-1.666e-05,-1.65835e-05,-1.66092e-05,-1.66385e-05,-1.64796e-05,-1.65504e-05
-1.84516e-05,-1.82984e-05,-1.83754e-05,-1.82701e-05,-1.82624e-05,-1.818e-05,-1.81035e-05,-1.81292e-05,-1.80311e-05,-1.79591e-05,-1.80376e-05,-1.7946e-05,-1.79058e-05,-1.7843e-05,-1.78516e-05,-1.78151e-05,-1.78065e-05,-1.78106e-05,-1.78043e-05,-1.77409e-05,-1.76939e-05,-1.75334e-05,-1.75121e-05,-1.75749e-05,-1.75321e-05,-1.75164e-05,-1.74616e-05,-1.75136e-05,-1.74939e-05,-1.74138e-05,-1.73687e-05,-1.73019e-05,-1.72899e-05,-1.72146e-05,-1.72348e-05,-1.71224e-05,-1.7129e-05,-1.70845e-05,-1.71151e-05,-1.70332e-05,-1.69471e-05,-1.69137e-05,-1.69685e-05,-1.68834e-05,-1.68934e-05,-1.68086e-05,-1.68223e-05,-1.6856e-05,-1.68395e-05,-1.6737e-05
-1.862e-05,-1.84936e-05,-1.86348e-05,-1.85199e-05,-1.83977e-05,-1.83315e-05,-1.83912e-05,-1.82888e-05,-1.82542e-05,-1.82057e-05,-1.82163e-05,-1.82331e-05,-1.80848e-05,-1.80905e-05,-1.80962e-05,-1.81059e-05,-1.80979e-05,-1.80663e-05,-1.79658e-05,-1.79818e-05,-1.78916e-05,-1.78697e-05,-1.78106e-05,-1.78372e-05,-1.78709e-05,-1.77299e-05,-1.76768e-05,-1.76209e-05,-1.772e-05,-1.7603e-05,-1.75836e-05,-1.74814e-05,-1.75351e-05,-1.74977e-05,-1.74072e-05,-1.72765e-05,-1.73353e-05,-1.73077e-05,-1.7374e-05,-1.7251e-05,-1.72653e-05,-1.71825e-05,-1.72407e-05,-1.72328e-05,-1.71083e-05,-1.71106e-05,-1.71497e-05,-1.71546e-05,-1.69793e-05,-1.69768e-05
-1.87733e-05,-1.87952e-05,-1.87427e-05,-1.8771e-05,-1.86554e-05,-1.86988e-05,-1.86421e-05,-1.85639e-05,-1.85371e-05,-1.84326e-05,-1.84729e-05,-1.8409e-05,-1.84424e-05,-1.83039e-05,-1.83748e-05,-1.82532e-05,-1.8282e-05,-1.82526e-05,-1.82826e-05,-1.81191e-05,-1.81322e-05,-1.80543e-05,-1.80341e-05,-1.80164e-05,-1.79699e-05,-1.79976e-05,-1.79069e-05,-1.79098e-05,-1.78943e-05,-1.7841e-05,-1.78033e-05,-1.78268e-05,-1.77982e-05,-1.76641e-05,-1.77377e-05,-1.7597e-05,-1.76133e-05,-1.75588e-05,-1.75923e-05,-1.74962e-05,-1.74913e-05,-1.73363e-05,-1.75176e-05,-1.73755e-05,-1.73849e-05,-1.7249e-05,-1.7289e-05,-1.73041e-05,-1.7257e-05,-1.72342e-05
-1.90592e-05,-1.89337e-05,-1.9017e-05,-1.90222e-05,-1.88849e-05,-1.88581e-05,-1.89492e-05,-1.87743e-05,-1.87454e-05,-1.87098e-05,-1.86926e-05,-1.86564e-05,-1.85451e-05,-1.85271e-05,-1.86214e-05,-1.85679e-05,-1.85871e-05,-1.84892e-05,-1.84456e-05,-1.8386e-05,-1.83566e-05,-1.83292e-05,-1.83232e-05,-1.83167e-05,-1.82228e-05,-1.82328e-05,-1.82034e-05,-1.80964e-05,-1.81703e-05,-1.80231e-05,-1.8079e-05,-1.79606e-05,-1.80126e-05,-1.80137e-05,-1.79087e-05,-1.78285e-05,-1.77266e-05,-1.78191e-05,-1.7779e-05,-1.77893e-05,-1.77082e-05,-1.76874e-05,-1.77333e-05,-1.76332e-05,-1.76737e-05,-1.74928e-05,-1.75253e-05,-1.76184e-05,-1.74851e-05,-1.74551e-05
-1.9297e-05,-1.92251e-05,-1.92291e-05,-1.92642e-05,-1.91652e-05,-1.91355e-05,-1.91222e-05,-1.90454e-05,-1.90169e-05,-1.89843e-05,-1.89606e-05,-1.88984e-05,-1.89084e-05,-1.87914e-05,-1.88793e-05,-1.87349e-05,-1.87292e-05,-1.87096e-05,-1.87395e-05,-1.85312e-05,-1.85926e-05,-1.85144e-05,-1.84859e-05,-1.8521e-05,-1.84625e-05,-1.84839e-05,-1.84137e-05,-1.83861e-05,-1.83633e-05,-1.83239e-05,-1.82417e-05,-1.82965e-05,-1.82072e-05,-1.8149e-05,-1.81818e-05,-1.81256e-05,-1.80234e-05,-1.80335e-05,-1.8039e-05,-1.79554e-05,-1.79725e-05,-1.78395e-05,-1.79828e-05,-1.78472e-05,-1.77847e-05,-1.77365e-05,-1.77736e-05,-1.77745e-05,-1.7861e-05,-1.77331e-05
-1.95427e-05,-1.94192e-05,-1.94611e-05,-1.94702e-05,-1.94412e-05,-1.93199e-05,-1.93256e-05,-1.93165e-05,-1.93436e-05,-1.91416e-05,-1.91641e-05,-1.91208e-05,-1.9042e-05,-1.90263e-05,-1.90303e-05,-1.89986e-05,-1.90315e-05,-1.89816e-05,-1.8973e-05,-1.88514e-05,-1.88438e-05,-1.87767e-05,-1.87821e-05,-1.86974e-05,-1.8722e-05,-1.8696e-05,-1.8625e-05,-1.85562e-05,-1.86818e-05,-1.84001e-05,-1.84863e-05,-1.84075e-05,-1.84917e-05,-1.83662e-05,-1.83836e-05,-1.82814e-05,-1.82769e-05,-1.82689e-05,-1.8295e-05,-1.82043e-05,-1.82354e-05,-1.81263e-05,-1.82191e-05,-1.81366e-05,-1.8087e-05,-1.81164e-05,-1.79791e-05,-1.80573e-05,-1.79386e-05,-1.79509e-05
-1.97473e-05,-1.96689e-05,-1.97285e-05,-1.97742e-05,-1.96195e-05,-1.95807e-05,-1.95762e-05,-1.96256e-05,-1.94552e-05,-1.93916e-05,-1.94324e-05,-1.94247e-05,-1.93848e-05,-1.929e-05,-1.93352e-05,-1.92372e-05,-1.92124e-05,-1.92339e-05,-1.91948e-05,-1.90441e-05,-1.90652e-05,-1.89362e-05,-1.89425e-05,-1.8954e-05,-1.89235e-05,-1.89551e-05,-1.88924e-05,-1.88584e-05,-1.88222e-05,-1.87891e-05,-1.86989e-05,-1.86613e-05,-1.86416e-05,-1.85996e-05,-1.86787e-05,-1.85597e-05,-1.85731e-05,-1.84524e-05,-1.85307e-05,-1.84691e-05,-1.84651e-05,-1.84078e-05,-1.84349e-05,-1.83293e-05,-1.83281e-05,-1.82223e-05,-1.8162e-05,-1.82166e-05,-1.82226e-05,-1.81638e-05
-2.01147e-05,-1.98969e-05,-1.99574e-05,-1.99243e-05,-1.9869e-05,-1.98182e-05,-1.99176e-05,-1.97535e-05,-1.97632e-05,-1.96659e-05,-1.96944e-05,-1.95763e-05,-1.95917e-05,-1.95286e-05,-1.9489e-05,-1.95406e-05,-1.95372e-05,-1.94023e-05,-1.93632e-05,-1.93543e-05,-1.93198e-05,-1.92975e-05,-1.92228e-05,-1.92679e-05,-1.91803e-05,-1.91723e-05,-1.91644e-05,-1.90736e-05,-1.91453e-05,-1.89986e-05,-1.9002e-05,-1.89307e-05,-1.89698e-05,-1.88688e-05,-1.89028e-05,-1.87221e-05,-1.87712e-05,-1.87866e-05,-1.87508e-05,-1.87548e-05,-1.86475e-05,-1.85427e-05,-1.8581e-05,-1.85727e-05,-1.85602e-05,-1.85622e-05,-1.84677e-05,-1.85528e-05,-1.8367e-05,-1.84107e-05
-2.02391e-05,-2.01518e-05,-2.02354e-05,-2.01958e-05,-2.00825e-05,-2.01056e-05,-2.00198e-05,-2.00609e-05,-1.99541e-05,-1.98665e-05,-1.98851e-05,-1.98982e-05,-1.98072e-05,-1.97478e-05,-1.97764e-05,-1.96979e-05,-1.97464e-05,-1.95709e-05,-1.96157e-05,-1.95601e-05,-1.95393e-05,-1.94234e-05,-1.95441e-05,-1.94232e-05,-1.9381e-05,-1.94523e-05,-1.94007e-05,-1.93139e-05,-1.93225e-05,-1.9213e-05,-1.91093e-05,-1.9207e-05,-1.90851e-05,-1.90905e-05,-1.9096e-05,-1.90509e-05,-1.90041e-05,-1.88834e-05,-1.89614e-05,-1.89289e-05,-1.8889e-05,-1.87982e-05,-1.88607e-05,-1.87674e-05,-1.87745e-05,-1.8764e-05,-1.87052e-05,-1.87426e-05,-1.86144e-05,-1.86002e-05
-2.05519e-05,-2.04058e-05,-2.04144e-05,-2.03604e-05,-2.03984e-05,-2.03156e-05,-2.0336e-05,-2.02013e-05,-2.02213e-05,-2.01102e-05,-2.01705e-05,-2.00301e-05,-2.0003e-05,-2.00078e-05,-1.99536e-05,-1.99439e-05,-1.99665e-05,-1.98889e-05,-1.97327e-05,-1.97813e-05,-1.97653e-05,-1.97308e-05,-1.96737e-05,-1.97523e-05,-1.96983e-05,-1.95456e-05,-1.96136e-05,-1.95625e-05,-1.9566e-05,-1.9441e-05,-1.94447e-05,-1.94059e-05,-1.94136e-05,-1.93714e-05,-1.92558e-05,-1.92943e-05,-1.90857e-05,-1.92093e-05,-1.92417e-05,-1.91866e-05,-1.91841e-05,-1.89717e-05,-1.90545e-05,-1.89977e-05,-1.90862e-05,-1.89817e-05,-1.89346e-05,-1.90257e-05,-1.88048e-05,-1.88864e-05
-2.06778e-05,-2.06667e-05,-2.07035e-05,-2.07166e-05,-2.05762e-05,-2.05103e-05,-2.03979e-05,-2.05186e-05,-2.04171e-05,-2.02878e-05,-2.03203e-05,-2.04091e-05,-2.02453e-05,-2.01642e-05,-2.02439e-05,-2.0092e-05,-2.00267e-05,-2.01209e-05,-2.00524e-05,-2.0005e-05,-1.99717e-05,-1.99811e-05,-1.99554e-05,-1.99144e-05,-1.99275e-05,-1.9851e-05,-1.98002e-05,-1.9711e-05,-1.98445e-05,-1.96505e-05,-1.96473e-05,-1.96639e-05,-1.95557e-05,-1.95389e-05,-1.95812e-05,-1.94225e-05,-1.94448e-05,-1.94268e-05,-1.94411e-05,-1.93684e-05,-1.9335e-05,-1.91955e-05,-1.92999e-05,-1.9266e-05,-1.92335e-05,-1.91758e-05,-1.91116e-05,-1.91036e-05,-1.91088e-05,-1.90191e-05
-2.09994e-05,-2.08964e-05,-2.08445e-05,-2.09312e-05,-2.08551e-05,-2.07472e-05,-2.08483e-05,-2.06325e-05,-2.06688e-05,-2.0554e-05,-2.06186e-05,-2.05073e-05,-2.0406e-05,-2.04782e-05,-2.04736e-05,-2.03789e-05,-2.03264e-05,-2.03204e-05,-2.02936e-05,-2.03258e-05,-2.02982e-05,-2.01886e-05,-2.01369e-05,-2.01647e-05,-2.00611e-05,-2.00893e-05,-1.99826e-05,-2.00389e-05,-2.00857e-05,-1.99653e-05,-1.99436e-05,-1.99299e-05,-1.99199e-05,-1.98072e-05,-1.98246e-05,-1.97201e-05,-1.96134e-05,-1.96366e-05,-1.97717e-05,-1.96981e-05,-1.95836e-05,-1.94484e-05,-1.95168e-05,-1.94646e-05,-1.94193e-05,-1.93702e-05,-1.94158e-05,-1.94327e-05,-1.92523e-05,-1.93143e-05
-2.12283e-05,-2.11381e-05,-2.12201e-05,-2.11947e-05,-2.10271e-05,-2.09952e-05,-2.09367e-05,-2.0947e-05,-2.08726e-05,-2.07145e-05,-2.08129e-05,-2.08503e-05,-2.07664e-05,-2.06577e-05,-2.07236e-05,-2.06249e-05,-2.06606e-05,-2.05693e-05,-2.05544e-05,-2.05216e-05,-2.04734e-05,-2.03838e-05,-2.03969e-05,-2.03371e-05,-2.03319e-05,-2.03425e-05,-2.03668e-05,-2.0191e-05,-2.02795e-05,-2.01859e-05,-2.00615e-05,-2.01588e-05,-2.00298e-05,-2.00164e-05,-2.00518e-05,-1.99659e-05,-1.99134e-05,-1.98678e-05,-1.99629e-05,-1.98439e-05,-1.98105e-05,-1.97266e-05,-1.97823e-05,-1.97198e-05,-1.97401e-05,-1.95602e-05,-1.9609e-05,-1.96582e-05,-1.95217e-05,-1.95377e-05
-2.15477e-05,-2.13003e-05,-2.13599e-05,-2.13445e-05,-2.13277e-05,-2.12929e-05,-2.12242e-05,-2.11049e-05,-2.11691e-05,-2.09859e-05,-2.10895e-05,-2.10621e-05,-2.09825e-05,-2.09614e-05,-2.08783e-05,-2.08149e-05,-2.09e-05,-2.09112e-05,-2.07362e-05,-2.08279e-05,-2.07132e-05,-2.05736e-05,-2.05819e-05,-2.06111e-05,-2.05531e-05,-2.04843e-05,-2.05003e-05,-2.05069e-05,-2.04833e-05,-2.04345e-05,-2.03708e-05,-2.03315e-05,-2.03224e-05,-2.02447e-05,-2.02327e-05,-2.02544e-05,-2.00584e-05,-2.01529e-05,-2.02109e-05,-2.00925e-05,-2.00317e-05,-1.98573e-05,-1.99361e-05,-1.98799e-05,-1.99521e-05,-1.98311e-05,-1.98839e-05,-1.98942e-05,-1.97361e-05,-1.9834e-05
-2.17455e-05,-2.15646e-05,-2.17012e-05,-2.15697e-05,-2.15012e-05,-2.14701e-05,-2.14e-05,-2.14294e-05,-2.1384e-05,-2.12442e-05,-2.13041e-05,-2.13284e-05,-2.11897e-05,-2.11654e-05,-2.12028e-05,-2.11372e-05,-2.10844e-05,-2.09982e-05,-2.10045e-05,-2.0936e-05,-2.08921e-05,-2.07816e-05,-2.08821e-05,-2.08405e-05,-2.08842e-05,-2.08434e-05,-2.07795e-05,-2.06211e-05,-2.0725e-05,-2.06548e-05,-2.0531e-05,-2.06414e-05,-2.05007e-05,-2.04824e-05,-2.04588e-05,-2.04228e-05,-2.03823e-05,-2.03461e-05,-2.04018e-05,-2.02489e-05,-2.02657e-05,-2.02404e-05,-2.02603e-05,-2.02275e-05,-2.01664e-05,-2.01348e-05,-2.01456e-05,-2.01031e-05,-2.00412e-05,-2.00494e-05
-2.19901e-05,-2.18037e-05,-2.1848e-05,-2.18069e-05,-2.1735e-05,-2.17378e-05,-2.16651e-05,-2.16172e-05,-2.16629e-05,-2.14913e-05,-2.1565e-05,-2.14699e-05,-2.15228e-05,-2.14563e-05,-2.14232e-05,-2.14018e-05,-2.1341e-05,-2.13148e-05,-2.12634e-05,-2.12126e-05,-2.11792e-05,-2.10836e-05,-2.10648e-05,-2.11071e-05,-2.10523e-05,-2.09387e-05,-2.09539e-05,-2.08808e-05,-2.09039e-05,-2.09439e-05,-2.08888e-05,-2.0878e-05,-2.07225e-05,-2.07248e-05,-2.07602e-05,-2.07088e-05,-2.05906e-05,-2.05995e-05,-2.0665e-05,-2.05882e-05,-2.05275e-05,-2.0429e-05,-2.04339e-05,-2.04036e-05,-2.03057e-05,-2.03511e-05,-2.02855e-05,-2.0455e-05,-2.02081e-05,-2.02364e-05
-2.21539e-05,-2.20178e-05,-2.20905e-05,-2.20272e-05,-2.20013e-05,-2.19276e-05,-2.18629e-05,-2.18866e-05,-2.17996e-05,-2.17719e-05,-2.17607e-05,-2.18287e-05,-2.17034e-05,-2.16132e-05,-2.16892e-05,-2.16058e-05,-2.15816e-05,-2.14812e-05,-2.1502e-05,-2.14432e-05,-2.13625e-05,-2.12885e-05,-2.13445e-05,-2.13751e-05,-2.13865e-05,-2.11999e-05,-2.12501e-05,-2.11343e-05,-2.11762e-05,-2.11283e-05,-2.10373e-05,-2.10455e-05,-2.09577e-05,-2.09825e-05,-2.09408e-05,-2.08469e-05,-2.08247e-05,-2.07853e-05,-2.08014e-05,-2.0701e-05,-2.07581e-05,-2.0705e-05,-2.06856e-05,-2.06485e-05,-2.06405e-05,-2.059e-05,-2.06616e-05,-2.06126e-05,-2.04821e-05,-2.0427e-05
-2.24479e-05,-2.23317e-05,-2.23206e-05,-2.23666e-05,-2.22433e-05,-2.22136e-05,-2.21965e-05,-2.20958e-05,-2.21029e-05,-2.196e-05,-2.20887e-05,-2.19948e-05,-2.20062e-05,-2.18213e-05,-2.19035e-05,-2.18744e-05,-2.18085e-05,-2.18194e-05,-2.17046e-05,-2.16658e-05,-2.16187e-05,-2.15131e-05,-2.15651e-05,-2.15655e-05,-2.14907e-05,-2.1489e-05,-2.13954e-05,-2.14468e-05,-2.13923e-05,-2.13201e-05,-2.13255e-05,-2.12342e-05,-2.12431e-05,-2.11286e-05,-2.1206e-05,-2.11075e-05,-2.10213e-05,-2.10893e-05,-2.11904e-05,-2.10309e-05,-2.10021e-05,-2.08665e-05,-2.08817e-05,-2.07692e-05,-2.08095e-05,-2.08217e-05,-2.07658e-05,-2.084e-05,-2.07187e-05,-2.06968e-05
-2.26722e-05,-2.25112e-05,-2.26348e-05,-2.25484e-05,-2.24742e-05,-2.23754e-05,-2.24406e-05,-2.23039e-05,-2.23184e-05,-2.22591e-05,-2.22725e-05,-2.22368e-05,-2.21178e-05,-2.20636e-05,-2.22092e-05,-2.2083e-05,-2.19937e-05,-2.2034e-05,-2.19578e-05,-2.19392e-05,-2.18716e-05,-2.17215e-05,-2.18168e-05,-2.17455e-05,-2.17755e-05,-2.16591e-05,-2.17273e-05,-2.15781e-05,-2.17048e-05,-2.14531e-05,-2.15584e-05,-2.15002e-05,-2.14779e-05,-2.13746e-05,-2.13986e-05,-2.1265e-05,-2.12782e-05,-2.12885e-05,-2.12421e-05,-2.12096e-05,-2.12333e-05,-2.12005e-05,-2.12059e-05,-2.11685e-05,-2.10207e-05,-2.10461e-05,-2.10541e-05,-2.10877e-05,-2.08674e-05,-2.0947e-05
-2.29738e-05,-2.28286e-05,-2.28369e-05,-2.27947e-05,-2.27399e-05,-2.26617e-05,-2.27525e-05,-2.25619e-05,-2.25605e-05,-2.24081e-05,-2.25294e-05,-2.24123e-05,-2.24138e-05,-2.2345e-05,-2.24178e-05,-2.22962e-05,-2.22554e-05,-2.22318e-05,-2.22449e-05,-2.20882e-05,-2.21388e-05,-2.19906e-05,-2.19684e-05,-2.20238e-05,-2.2011e-05,-2.19231e-05,-2.19391e-05,-2.18772e-05,-2.18041e-05,-2.1785e-05,-2.18136e-05,-2.18287e-05,-2.17037e-05,-2.15961e-05,-2.16866e-05,-2.16541e-05,-2.15319e-05,-2.15291e-05,-2.15226e-05,-2.14542e-05,-2.14293e-05,-2.13232e-05,-2.13703e-05,-2.1316e-05,-2.12504e-05,-2.12076e-05,-2.12022e-05,-2.12753e-05,-2.11651e-05,-2.11671e-05
-2.31714e-05,-2.29959e-05,-2.30307e-05,-2.30224e-05,-2.28911e-05,-2.28423e-05,-2.29143e-05,-2.28025e-05,-2.27879e-05,-2.27797e-05,-2.27622e-05,-2.26698e-05,-2.26007e-05,-2.25231e-05,-2.26339e-05,-2.24874e-05,-2.25191e-05,-2.24432e-05,-2.2413e-05,-2.23813e-05,-2.23254e-05,-2.23034e-05,-2.23109e-05,-2.21908e-05,-2.22601e-05,-2.21345e-05,-2.21625e-05,-2.20205e-05,-2.21557e-05,-2.19916e-05,-2.19457e-05,-2.19503e-05,-2.18575e-05,-2.1934e-05,-2.18847e-05,-2.1823e-05,-2.17583e-05,-2.18405e-05,-2.16748e-05,-2.16254e-05,-2.16959e-05,-2.15538e-05,-2.16257e-05,-2.15275e-05,-2.1523e-05,-2.14959e-05,-2.15778e-05,-2.15752e-05,-2.13849e-05,-2.13486e-05
-2.33637e-05,-2.33289e-05,-2.32696e-05,-2.32713e-05,-2.32028e-05,-2.32136e-05,-2.31609e-05,-2.30653e-05,-2.30574e-05,-2.29831e-05,-2.30471e-05,-2.29095e-05,-2.29341e-05,-2.28273e-05,-2.28342e-05,-2.27583e-05,-2.27132e-05,-2.2788e-05,-2.259e-05,-2.26913e-05,-2.2608e-05,-2.24478e-05,-2.24701e-05,-2.24927e-05,-2.24804e-05,-2.23931e-05,-2.24197e-05,-2.23358e-05,-2.23078e-05,-2.23025e-05,-2.22245e-05,-2.22014e-05,-2.21886e-05,-2.20191e-05,-2.2091e-05,-2.20456e-05,-2.20613e-05,-2.201e-05,-2.2005e-05,-2.19145e-05,-2.18686e-05,-2.1751e-05,-2.17539e-05,-2.17564e-05,-2.1632e-05,-2.16982e-05,-2.17302e-05,-2.17088e-05,-2.17214e-05,-2.15952e-05
-2.3626e-05,-2.34505e-05,-2.34979e-05,-2.34719e-05,-2.34311e-05,-2.33635e-05,-2.34129e-05,-2.32725e-05,-2.33199e-05,-2.3159e-05,-2.32483e-05,-2.31256e-05,-2.30208e-05,-2.3123e-05,-2.30608e-05,-2.30525e-05,-2.29313e-05,-2.2927e-05,-2.28559e-05,-2.28577e-05,-2.27452e-05,-2.26513e-05,-2.27384e-05,-2.27248e-05,-2.26394e-05,-2.26061e-05,-2.26103e-05,-2.25039e-05,-2.26529e-05,-2.23989e-05,-2.25179e-05,-2.24201e-05,-2.24161e-05,-2.23927e-05,-2.23356e-05,-2.22466e-05,-2.22169e-05,-2.21647e-05,-2.21445e-05,-2.20815e-05,-2.21483e-05,-2.19853e-05,-2.20196e-05,-2.20076e-05,-2.19554e-05,-2.19588e-05,-2.20033e-05,-2.19226e-05,-2.18886e-05,-2.18475e-05
-2.37599e-05,-2.38135e-05,-2.37864e-05,-2.37374e-05,-2.35741e-05,-2.36769e-05,-2.3583e-05,-2.35913e-05,-2.35508e-05,-2.34535e-05,-2.34798e-05,-2.33793e-05,-2.3322e-05,-2.33476e-05,-2.34182e-05,-2.32278e-05,-2.31967e-05,-2.31211e-05,-2.31767e-05,-2.30883e-05,-2.30791e-05,-2.28734e-05,-2.28954e-05,-2.29457e-05,-2.28315e-05,-2.2833e-05,-2.28706e-05,-2.27388e-05,-2.27702e-05,-2.2712e-05,-2.27428e-05,-2.2704e-05,-2.26136e-05,-2.25905e-05,-2.25831e-05,-2.24709e-05,-2.24592e-05,-2.24495e-05,-2.24379e-05,-2.23204e-05,-2.22935e-05,-2.22813e-05,-2.22616e-05,-2.21939e-05,-2.21709e-05,-2.20573e-05,-2.20507e-05,-2.21032e-05,-2.21766e-05,-2.20213e-05
-2.40652e-05,-2.39731e-05,-2.40173e-05,-2.3932e-05,-2.38384e-05,-2.38062e-05,-2.39435e-05,-2.37603e-05,-2.37455e-05,-2.36935e-05,-2.36387e-05,-2.352e-05,-2.35229e-05,-2.35514e-05,-2.34789e-05,-2.35112e-05,-2.34869e-05,-2.33605e-05,-2.33132e-05,-2.33252e-05,-2.32356e-05,-2.32002e-05,-2.32416e-05,-2.32599e-05,-2.3134e-05,-2.30401e-05,-2.31155e-05,-2.30493e-05,-2.30699e-05,-2.29155e-05,-2.29352e-05,-2.28761e-05,-2.28076e-05,-2.28573e-05,-2.27149e-05,-2.2657e-05,-2.25805e-05,-2.27352e-05,-2.26765e-05,-2.26001e-05,-2.25145e-05,-2.24223e-05,-2.24508e-05,-2.24811e-05,-2.2438e-05,-2.24503e-05,-2.2416e-05,-2.23167e-05,-2.24177e-05,-2.22987e-05
-2.42824e-05,-2.42702e-05,-2.42779e-05,-2.41766e-05,-2.40599e-05,-2.41061e-05,-2.40908e-05,-2.40291e-05,-2.39875e-05,-2.38182e-05,-2.3901e-05,-2.37988e-05,-2.38225e-05,-2.3772e-05,-2.37444e-05,-2.35974e-05,-2.36094e-05,-2.36248e-05,-2.36391e-05,-2.35643e-05,-2.35763e-05,-2.33423e-05,-2.33729e-05,-2.34189e-05,-2.33392e-05,-2.33504e-05,-2.32679e-05,-2.32748e-05,-2.32451e-05,-2.31649e-05,-2.31695e-05,-2.31284e-05,-2.30137e-05,-2.3004e-05,-2.30349e-05,-2.2937e-05,-2.29347e-05,-2.29459e-05,-2.28969e-05,-2.28081e-05,-2.27436e-05,-2.26985e-05,-2.27359e-05,-2.27228e-05,-2.26398e-05,-2.25827e-05,-2.25984e-05,-2.24897e-05,-2.26195e-05,-2.24988e-05
-2.45696e-05,-2.4468e-05,-2.44854e-05,-2.43764e-05,-2.43273e-05,-2.42771e-05,-2.43579e-05,-2.42557e-05,-2.4302e-05,-2.40782e-05,-2.41479e-05,-2.40571e-05,-2.39861e-05,-2.40126e-05,-2.39071e-05,-2.38945e-05,-2.38976e-05,-2.38069e-05,-2.384e-05,-2.38377e-05,-2.37758e-05,-2.36725e-05,-2.35649e-05,-2.36241e-05,-2.35347e-05,-2.35313e-05,-2.35659e-05,-2.3474e-05,-2.35131e-05,-2.33396e-05,-2.33936e-05,-2.324e-05,-2.32703e-05,-2.33054e-05,-2.32249e-05,-2.31344e-05,-2.308e-05,-2.31673e-05,-2.31275e-05,-2.31081e-05,-2.30148e-05,-2.29095e-05,-2.30031e-05,-2.29095e-05,-2.29198e-05,-2.27779e-05,-2.28638e-05,-2.28544e-05,-2.27574e-05,-2.27896e-05
-2.47177e-05,-2.47699e-05,-2.48065e-05,-2.47343e-05,-2.45228e-05,-2.45833e-05,-2.4536e-05,-2.45888e-05,-2.45511e-05,-2.4433e-05,-2.43725e-05,-2.42683e-05,-2.42284e-05,-2.42278e-05,-2.42635e-05,-2.41613e-05,-2.41197e-05,-2.40618e-05,-2.41623e-05,-2.40678e-05,-2.39037e-05,-2.39003e-05,-2.3864e-05,-2.38045e-05,-2.37771e-05,-2.38204e-05,-2.37502e-05,-2.36804e-05,-2.37209e-05,-2.36587e-05,-2.36273e-05,-2.36002e-05,-2.35157e-05,-2.35e-05,-2.35058e-05,-2.33796e-05,-2.33571e-05,-2.3314e-05,-2.33258e-05,-2.32416e-05,-2.31986e-05,-2.31332e-05,-2.32325e-05,-2.31949e-05,-2.30214e-05,-2.30022e-05,-2.30864e-05,-2.30522e-05,-2.30716e-05,-2.29589e-05
-2.50168e-05,-2.49021e-05,-2.49706e-05,-2.48216e-05,-2.47819e-05,-2.48071e-05,-2.48922e-05,-2.47104e-05,-2.47672e-05,-2.46054e-05,-2.4578e-05,-2.44838e-05,-2.44824e-05,-2.45555e-05,-2.44356e-05,-2.44593e-05,-2.44354e-05,-2.42564e-05,-2.42815e-05,-2.4275e-05,-2.4168e-05,-2.40726e-05,-2.40484e-05,-2.41227e-05,-2.39754e-05,-2.39703e-05,-2.38961e-05,-2.39875e-05,-2.39007e-05,-2.38428e-05,-2.38556e-05,-2.38208e-05,-2.3822e-05,-2.38168e-05,-2.36519e-05,-2.37081e-05,-2.34804e-05,-2.36719e-05,-2.35915e-05,-2.35915e-05,-2.34751e-05,-2.34303e-05,-2.33647e-05,-2.33404e-05,-2.3262e-05,-2.33245e-05,-2.33142e-05,-2.33638e-05,-2.3212e-05,-2.32015e-05
-2.51883e-05,-2.51749e-05,-2.52134e-05,-2.51852e-05,-2.50317e-05,-2.50514e-05,-2.51191e-05,-2.50477e-05,-2.48956e-05,-2.48434e-05,-2.48674e-05,-2.46533e-05,-2.46848e-05,-2.46742e-05,-2.47482e-05,-2.46171e-05,-2.46171e-05,-2.44611e-05,-2.45584e-05,-2.44274e-05,-2.43969e-05,-2.43295e-05,-2.43301e-05,-2.43208e-05,-2.42976e-05,-2.42919e-05,-2.42026e-05,-2.41698e-05,-2.41342e-05,-2.40968e-05,-2.41219e-05,-2.40574e-05,-2.39747e-05,-2.3959e-05,-2.39479e-05,-2.39325e-05,-2.38217e-05,-2.37701e-05,-2.3803e-05,-2.37171e-05,-2.36415e-05,-2.35947e-05,-2.36284e-05,-2.36412e-05,-2.35066e-05,-2.3498e-05,-2.35091e-05,-2.35931e-05,-2.35228e-05,-2.33921e-05
-2.55202e-05,-2.5405e-05,-2.53305e-05,-2.53419e-05,-2.5351e-05,-2.52195e-05,-2.53474e-05,-2.51753e-05,-2.52647e-05,-2.50104e-05,-2.50566e-05,-2.49402e-05,-2.49442e-05,-2.49288e-05,-2.48846e-05,-2.48865e-05,-2.48977e-05,-2.4763e-05,-2.47268e-05,-2.47887e-05,-2.46583e-05,-2.45521e-05,-2.45159e-05,-2.45391e-05,-2.45462e-05,-2.44341e-05,-2.44007e-05,-2.44353e-05,-2.43642e-05,-2.42992e-05,-2.43417e-05,-2.41956e-05,-2.4318e-05,-2.41864e-05,-2.42004e-05,-2.41568e-05,-2.39656e-05,-2.40521e-05,-2.40616e-05,-2.4105e-05,-2.39615e-05,-2.37882e-05,-2.38136e-05,-2.38456e-05,-2.37691e-05,-2.3762e-05,-2.37628e-05,-2.38097e-05,-2.36849e-05,-2.36972e-05
-2.57089e-05,-2.56119e-05,-2.56709e-05,-2.56265e-05,-2.54809e-05,-2.55366e-05,-2.54619e-05,-2.54884e-05,-2.53351e-05,-2.53275e-05,-2.52527e-05,-2.52595e-05,-2.51988e-05,-2.51528e-05,-2.51289e-05,-2.51463e-05,-2.51243e-05,-2.49303e-05,-2.50316e-05,-2.49314e-05,-2.47962e-05,-2.47933e-05,-2.4849e-05,-2.47886e-05,-2.47623e-05,-2.47015e-05,-2.47589e-05,-2.45905e-05,-2.46062e-05,-2.46134e-05,-2.45723e-05,-2.44967e-05,-2.44171e-05,-2.4447e-05,-2.44028e-05,-2.43155e-05,-2.42193e-05,-2.42285e-05,-2.43027e-05,-2.41766e-05,-2.41107e-05,-2.40811e-05,-2.41227e-05,-2.4113e-05,-2.39489e-05,-2.39917e-05,-2.39735e-05,-2.39875e-05,-2.3897e-05,-2.38379e-05
-2.60046e-05,-2.59564e-05,-2.58702e-05,-2.58776e-05,-2.5758e-05,-2.57837e-05,-2.57909e-05,-2.56674e-05,-2.56742e-05,-2.54667e-05,-2.54702e-05,-2.54299e-05,-2.54851e-05,-2.54671e-05,-2.53241e-05,-2.53301e-05,-2.54109e-05,-2.5301e-05,-2.51951e-05,-2.52582e-05,-2.50102e-05,-2.5025e-05,-2.50405e-05,-2.4998e-05,-2.49506e-05,-2.48085e-05,-2.48973e-05,-2.48908e-05,-2.48822e-05,-2.47923e-05,-2.47963e-05,-2.47829e-05,-2.46774e-05,-2.47461e-05,-2.46034e-05,-2.46551e-05,-2.43463e-05,-2.4549e-05,-2.44749e-05,-2.44441e-05,-2.44486e-05,-2.42746e-05,-2.42706e-05,-2.42968e-05,-2.43085e-05,-2.41553e-05,-2.42052e-05,-2.41972e-05,-2.41125e-05,-2.40585e-05
-2.62392e-05,-2.60931e-05,-2.60934e-05,-2.61699e-05,-2.59418e-05,-2.60095e-05,-2.59345e-05,-2.59388e-05,-2.58121e-05,-2.57904e-05,-2.57396e-05,-2.57998e-05,-2.57468e-05,-2.55909e-05,-2.56112e-05,-2.55564e-05,-2.55704e-05,-2.54329e-05,-2.545e-05,-2.54049e-05,-2.53313e-05,-2.52511e-05,-2.53245e-05,-2.52763e-05,-2.52946e-05,-2.5149e-05,-2.51847e-05,-2.50851e-05,-2.51328e-05,-2.49841e-05,-2.49861e-05,-2.50327e-05,-2.48857e-05,-2.4967e-05,-2.48535e-05,-2.47687e-05,-2.46705e-05,-2.47342e-05,-2.46938e-05,-2.45996e-05,-2.45542e-05,-2.45511e-05,-2.4568e-05,-2.45311e-05,-2.44238e-05,-2.44355e-05,-2.44455e-05,-2.44895e-05,-2.44527e-05,-2.42929e-05
-2.64584e-05,-2.63819e-05,-2.62989e-05,-2.63634e-05,-2.62877e-05,-2.61879e-05,-2.62008e-05,-2.61583e-05,-2.62031e-05,-2.59439e-05,-2.60724e-05,-2.59753e-05,-2.58926e-05,-2.59648e-05,-2.57836e-05,-2.58943e-05,-2.57982e-05,-2.57151e-05,-2.56601e-05,-2.56304e-05,-2.55796e-05,-2.54871e-05,-2.54909e-05,-2.55463e-05,-2.54101e-05,-2.53496e-05,-2.53511e-05,-2.53648e-05,-2.53546e-05,-2.52658e-05,-2.5338e-05,-2.5241e-05,-2.51346e-05,-2.52013e-05,-2.51457e-05,-2.49474e-05,-2.48592e-05,-2.50353e-05,-2.4986e-05,-2.49584e-05,-2.4913e-05,-2.47246e-05,-2.46898e-05,-2.47526e-05,-2.47095e-05,-2.46462e-05,-2.4697e-05,-2.47027e-05,-2.46636e-05,-2.44998e-05
-2.66841e-05,-2.65637e-05,-2.65757e-05,-2.66711e-05,-2.64481e-05,-2.63791e-05,-2.64636e-05,-2.64211e-05,-2.62975e-05,-2.62473e-05,-2.62465e-05,-2.62448e-05,-2.61526e-05,-2.60165e-05,-2.60924e-05,-2.61423e-05,-2.61041e-05,-2.58764e-05,-2.60108e-05,-2.58487e-05,-2.57548e-05,-2.57568e-05,-2.59004e-05,-2.56744e-05,-2.5659e-05,-2.56156e-05,-2.55854e-05,-2.55027e-05,-2.55675e-05,-2.5398e-05,-2.5392e-05,-2.55064e-05,-2.53586e-05,-2.54374e-05,-2.53478e-05,-2.51942e-05,-2.51112e-05,-2.51121e-05,-2.5123e-05,-2.51262e-05,-2.51316e-05,-2.50175e-05,-2.50994e-05,-2.50771e-05,-2.4937e-05,-2.4933e-05,-2.48811e-05,-2.48365e-05,-2.47895e-05,-2.48114e-05
-2.6899e-05,-2.68979e-05,-2.68288e-05,-2.68725e-05,-2.6715e-05,-2.67827e-05,-2.66472e-05,-2.66297e-05,-2.65516e-05,-2.64283e-05,-2.6583e-05,-2.63695e-05,-2.64157e-05,-2.63652e-05,-2.62842e-05,-2.62488e-05,-2.62228e-05,-2.62003e-05,-2.62069e-05,-2.61507e-05,-2.60228e-05,-2.59789e-05,-2.59849e-05,-2.59053e-05,-2.58774e-05,-2.58948e-05,-2.5808e-05,-2.58203e-05,-2.57832e-05,-2.57704e-05,-2.56728e-05,-2.56891e-05,-2.55772e-05,-2.55963e-05,-2.55949e-05,-2.55458e-05,-2.53438e-05,-2.53881e-05,-2.53916e-05,-2.54547e-05,-2.53411e-05,-2.52943e-05,-2.52138e-05,-2.51459e-05,-2.51174e-05,-2.51216e-05,-2.51365e-05,-2.50164e-05,-2.50789e-05,-2.50361e-05
-2.71351e-05,-2.7056e-05,-2.70709e-05,-2.70563e-05,-2.69171e-05,-2.69076e-05,-2.68755e-05,-2.68367e-05,-2.67527e-05,-2.67245e-05,-2.67e-05,-2.66258e-05,-2.65322e-05,-2.64554e-05,-2.65139e-05,-2.65265e-05,-2.64928e-05,-2.63913e-05,-2.6256e-05,-2.63151e-05,-2.62018e-05,-2.61778e-05,-2.62634e-05,-2.61451e-05,-2.62364e-05,-2.60557e-05,-2.60649e-05,-2.59827e-05,-2.60632e-05,-2.58264e-05,-2.58923e-05,-2.59014e-05,-2.58424e-05,-2.58078e-05,-2.57973e-05,-2.56463e-05,-2.5567e-05,-2.56567e-05,-2.55685e-05,-2.55526e-05,-2.55717e-05,-2.54173e-05,-2.5485e-05,-2.55166e-05,-2.53971e-05,-2.53734e-05,-2.5427e-05,-2.53985e-05,-2.53106e-05,-2.52067e-05
-2.73934e-05,-2.73606e-05,-2.72881e-05,-2.72567e-05,-2.72738e-05,-2.7215e-05,-2.70339e-05,-2.71092e-05,-2.7031e-05,-2.68895e-05,-2.69568e-05,-2.68695e-05,-2.68524e-05,-2.67214e-05,-2.67617e-05,-2.67308e-05,-2.65882e-05,-2.6639e-05,-2.65859e-05,-2.65654e-05,-2.65431e-05,-2.6391e-05,-2.64281e-05,-2.63874e-05,-2.64636e-05,-2.63271e-05,-2.62615e-05,-2.62955e-05,-2.62036e-05,-2.61894e-05,-2.61161e-05,-2.61868e-05,-2.60339e-05,-2.60938e-05,-2.60405e-05,-2.59777e-05,-2.58901e-05,-2.58639e-05,-2.58471e-05,-2.57766e-05,-2.57521e-05,-2.56862e-05,-2.56151e-05,-2.56816e-05,-2.56037e-05,-2.5552e-05,-2.56071e-05,-2.55729e-05,-2.55681e-05,-2.54388e-05
-2.76063e-05,-2.75386e-05,-2.75289e-05,-2.75196e-05,-2.73868e-05,-2.7297e-05,-2.72976e-05,-2.72191e-05,-2.72431e-05,-2.72385e-05,-2.71632e-05,-2.71084e-05,-2.70308e-05,-2.6968e-05,-2.70066e-05,-2.69914e-05,-2.69638e-05,-2.68864e-05,-2.68462e-05,-2.6768e-05,-2.66975e-05,-2.66507e-05,-2.66821e-05,-2.66229e-05,-2.66816e-05,-2.65164e-05,-2.64759e-05,-2.64568e-05,-2.65293e-05,-2.63507e-05,-2.6321e-05,-2.63395e-05,-2.63341e-05,-2.62593e-05,-2.61934e-05,-2.61934e-05,-2.60662e-05,-2.60531e-05,-2.60551e-05,-2.60298e-05,-2.60409e-05,-2.60247e-05,-2.60024e-05,-2.59116e-05,-2.57815e-05,-2.58332e-05,-2.59145e-05,-2.57744e-05,-2.57536e-05,-2.56206e-05
-2.78805e-05,-2.78363e-05,-2.77242e-05,-2.77459e-05,-2.7624e-05,-2.76854e-05,-2.75522e-05,-2.75405e-05,-2.73981e-05,-2.73998e-05,-2.74415e-05,-2.72919e-05,-2.73085e-05,-2.72026e-05,-2.72866e-05,-2.71472e-05,-2.71729e-05,-2.71156e-05,-2.70839e-05,-2.70057e-05,-2.70166e-05,-2.68474e-05,-2.69133e-05,-2.68643e-05,-2.68226e-05,-2.67972e-05,-2.67941e-05,-2.6755e-05,-2.66577e-05,-2.65958e-05,-2.66169e-05,-2.66312e-05,-2.65019e-05,-2.64654e-05,-2.65151e-05,-2.64298e-05,-2.63153e-05,-2.62871e-05,-2.63169e-05,-2.62333e-05,-2.61562e-05,-2.61114e-05,-2.61131e-05,-2.60937e-05,-2.59936e-05,-2.5989e-05,-2.60395e-05,-2.60207e-05,-2.59679e-05,-2.57641e-05
-2.81063e-05,-2.79679e-05,-2.80838e-05,-2.80293e-05,-2.78643e-05,-2.78629e-05,-2.77868e-05,-2.77574e-05,-2.76935e-05,-2.76966e-05,-2.76475e-05,-2.75936e-05,-2.74866e-05,-2.74412e-05,-2.74101e-05,-2.74164e-05,-2.74338e-05,-2.72754e-05,-2.72777e-05,-2.72666e-05,-2.71285e-05,-2.71764e-05,-2.71907e-05,-2.7124e-05,-2.71777e-05,-2.69876e-05,-2.70027e-05,-2.6926e-05,-2.69163e-05,-2.67325e-05,-2.67719e-05,-2.68961e-05,-2.67614e-05,-2.67939e-05,-2.66866e-05,-2.66175e-05,-2.64663e-05,-2.65891e-05,-2.65355e-05,-2.65127e-05,-2.65118e-05,-2.63971e-05,-2.63863e-05,-2.64145e-05,-2.63195e-05,-2.63483e-05,-2.63255e-05,-2.62758e-05,-2.62091e-05,-2.61386e-05
-2.8346e-05,-2.83004e-05,-2.82604e-05,-2.82014e-05,-2.81366e-05,-2.8077e-05,-2.80219e-05,-2.80391e-05,-2.79281e-05,-2.77957e-05,-2.78701e-05,-2.78493e-05,-2.77603e-05,-2.76841e-05,-2.76995e-05,-2.76624e-05,-2.75842e-05,-2.75771e-05,-2.75443e-05,-2.74547e-05,-2.74949e-05,-2.73665e-05,-2.73083e-05,-2.72153e-05,-2.72972e-05,-2.7231e-05,-2.71643e-05,-2.7124e-05,-2.70404e-05,-2.70165e-05,-2.70645e-05,-2.70596e-05,-2.69594e-05,-2.68966e-05,-2.69503e-05,-2.68467e-05,-2.66886e-05,-2.67737e-05,-2.68192e-05,-2.66999e-05,-2.67082e-05,-2.66129e-05,-2.66206e-05,-2.65709e-05,-2.64987e-05,-2.64599e-05,-2.6471e-05,-2.64051e-05,-2.64594e-05,-2.63138e-05
-2.85832e-05,-2.84868e-05,-2.83926e-05,-2.84731e-05,-2.8263e-05,-2.81897e-05,-2.83858e-05,-2.81689e-05,-2.8083e-05,-2.80574e-05,-2.80793e-05,-2.80074e-05,-2.79758e-05,-2.79116e-05,-2.78588e-05,-2.7913e-05,-2.78876e-05,-2.77158e-05,-2.76713e-05,-2.76973e-05,-2.7705e-05,-2.76813e-05,-2.76211e-05,-2.75561e-05,-2.76046e-05,-2.74414e-05,-2.73829e-05,-2.74003e-05,-2.7361e-05,-2.723e-05,-2.71661e-05,-2.72837e-05,-2.7214e-05,-2.71943e-05,-2.70939e-05,-2.70565e-05,-2.69389e-05,-2.7034e-05,-2.69476e-05,-2.69365e-05,-2.69945e-05,-2.68221e-05,-2.68135e-05,-2.68566e-05,-2.67484e-05,-2.67587e-05,-2.68087e-05,-2.66691e-05,-2.66115e-05,-2.66215e-05
-2.87505e-05,-2.87493e-05,-2.86991e-05,-2.865e-05,-2.84816e-05,-2.85699e-05,-2.84877e-05,-2.85157e-05,-2.83462e-05,-2.8274e-05,-2.83282e-05,-2.82198e-05,-2.83168e-05,-2.81119e-05,-2.81693e-05,-2.80662e-05,-2.81196e-05,-2.79847e-05,-2.80458e-05,-2.79387e-05,-2.79245e-05,-2.78762e-05,-2.78101e-05,-2.7763e-05,-2.77453e-05,-2.76674e-05,-2.7597e-05,-2.76555e-05,-2.75941e-05,-2.74914e-05,-2.74623e-05,-2.75611e-05,-2.74489e-05,-2.73453e-05,-2.74201e-05,-2.72814e-05,-2.72195e-05,-2.7129e-05,-2.72347e-05,-2.72131e-05,-2.7142e-05,-2.70564e-05,-2.70892e-05,-2.70076e-05,-2.70122e-05,-2.68903e-05,-2.69211e-05,-2.68512e-05,-2.68929e-05,-2.67836e-05
-2.90236e-05,-2.88395e-05,-2.89114e-05,-2.89143e-05,-2.88173e-05,-2.87494e-05,-2.88374e-05,-2.85836e-05,-2.86173e-05,-2.84495e-05,-2.86248e-05,-2.84866e-05,-2.84692e-05,-2.84056e-05,-2.83354e-05,-2.82897e-05,-2.83993e-05,-2.8229e-05,-2.82256e-05,-2.82667e-05,-2.80843e-05,-2.80798e-05,-2.80429e-05,-2.80322e-05,-2.80476e-05,-2.78561e-05,-2.78664e-05,-2.78978e-05,-2.78858e-05,-2.76321e-05,-2.77363e-05,-2.77258e-05,-2.76935e-05,-2.77072e-05,-2.75602e-05,-2.74649e-05,-2.74341e-05,-2.74638e-05,-2.74767e-05,-2.7448e-05,-2.74015e-05,-2.73695e-05,-2.72468e-05,-2.72439e-05,-2.72234e-05,-2.71731e-05,-2.72003e-05,-2.71441e-05,-2.7073e-05,-2.70447e-05
-2.9289e-05,-2.92108e-05,-2.92117e-05,-2.91664e-05,-2.90522e-05,-2.90091e-05,-2.89127e-05,-2.89104e-05,-2.88117e-05,-2.87563e-05,-2.88223e-05,-2.87777e-05,-2.88223e-05,-2.86074e-05,-2.86896e-05,-2.85688e-05,-2.85152e-05,-2.84325e-05,-2.8463e-05,-2.83848e-05,-2.82747e-05,-2.83403e-05,-2.82673e-05,-2.81441e-05,-2.81931e-05,-2.81252e-05,-2.8061e-05,-2.81392e-05,-2.80354e-05,-2.79244e-05,-2.79729e-05,-2.79798e-05,-2.78408e-05,-2.78108e-05,-2.77837e-05,-2.77532e-05,-2.77275e-05,-2.76368e-05,-2.77077e-05,-2.76363e-05,-2.75941e-05,-2.75978e-05,-2.76181e-05,-2.75057e-05,-2.73141e-05,-2.74294e-05,-2.73581e-05,-2.73998e-05,-2.73909e-05,-2.7212e-05
-2.95236e-05,-2.9303e-05,-2.93641e-05,-2.93644e-05,-2.93116e-05,-2.92411e-05,-2.91838e-05,-2.91316e-05,-2.91185e-05,-2.89159e-05,-2.91176e-05,-2.89415e-05,-2.89253e-05,-2.88468e-05,-2.88183e-05,-2.88717e-05,-2.88314e-05,-2.87504e-05,-2.85932e-05,-2.86514e-05,-2.86089e-05,-2.85512e-05,-2.84816e-05,-2.84583e-05,-2.84745e-05,-2.82833e-05,-2.82639e-05,-2.82346e-05,-2.8379e-05,-2.81727e-05,-2.82007e-05,-2.81958e-05,-2.81584e-05,-2.81348e-05,-2.79864e-05,-2.79658e-05,-2.78522e-05,-2.79073e-05,-2.79263e-05,-2.79066e-05,-2.78655e-05,-2.77662e-05,-2.77602e-05,-2.76986e-05,-2.76124e-05,-2.75653e-05,-2.76081e-05,-2.75696e-05,-2.75744e-05,-2.74723e-05
-2.96246e-05,-2.96058e-05,-2.973e-05,-2.95793e-05,-2.94635e-05,-2.95254e-05,-2.94313e-05,-2.93985e-05,-2.92538e-05,-2.92952e-05,-2.92626e-05,-2.91859e-05,-2.93049e-05,-2.90911e-05,-2.91305e-05,-2.89958e-05,-2.89596e-05,-2.89231e-05,-2.90136e-05,-2.88303e-05,-2.88501e-05,-2.87068e-05,-2.87482e-05,-2.86358e-05,-2.86914e-05,-2.86013e-05,-2.85582e-05,-2.84717e-05,-2.85491e-05,-2.8439e-05,-2.8409e-05,-2.84755e-05,-2.83516e-05,-2.83254e-05,-2.82963e-05,-2.81459e-05,-2.8157e-05,-2.79676e-05,-2.81349e-05,-2.8057e-05,-2.79891e-05,-2.79572e-05,-2.79797e-05,-2.79363e-05,-2.7789e-05,-2.78313e-05,-2.79052e-05,-2.78276e-05,-2.77591e-05,-2.75562e-05
-2.9942e-05,-2.97756e-05,-2.98479e-05,-2.97702e-05,-2.97203e-05,-2.98017e-05,-2.97173e-05,-2.95192e-05,-2.95543e-05,-2.93805e-05,-2.95075e-05,-2.9348e-05,-2.9463e-05,-2.92638e-05,-2.92641e-05,-2.91865e-05,-2.92833e-05,-2.91765e-05,-2.91155e-05,-2.9132e-05,-2.90744e-05,-2.90259e-05,-2.89377e-05,-2.89663e-05,-2.89123e-05,-2.8817e-05,-2.87331e-05,-2.87335e-05,-2.88396e-05,-2.86661e-05,-2.86844e-05,-2.86099e-05,-2.85457e-05,-2.86002e-05,-2.84738e-05,-2.83728e-05,-2.82344e-05,-2.8356e-05,-2.82807e-05,-2.8357e-05,-2.82468e-05,-2.82083e-05,-2.81138e-05,-2.81292e-05,-2.8089e-05,-2.80799e-05,-2.81061e-05,-2.81039e-05,-2.78884e-05,-2.79506e-05
-3.01258e-05,-3.00148e-05,-3.00282e-05,-3.00363e-05,-3.00097e-05,-2.98901e-05,-2.98948e-05,-2.98962e-05,-2.97161e-05,-2.96511e-05,-2.96927e-05,-2.97744e-05,-2.96571e-05,-2.94425e-05,-2.95213e-05,-2.94302e-05,-2.93948e-05,-2.94071e-05,-2.93954e-05,-2.92993e-05,-2.93221e-05,-2.91591e-05,-2.91252e-05,-2.90987e-05,-2.91763e-05,-2.90987e-05,-2.90491e-05,-2.88716e-05,-2.89792e-05,-2.8915e-05,-2.88271e-05,-2.88788e-05,-2.87803e-05,-2.87721e-05,-2.87418e-05,-2.86088e-05,-2.8612e-05,-2.8418e-05,-2.85265e-05,-2.84583e-05,-2.85023e-05,-2.85879e-05,-2.84263e-05,-2.84914e-05,-2.82879e-05,-2.83179e-05,-2.83136e-05,-2.82897e-05,-2.82343e-05,-2.81227e-05
-3.04258e-05,-3.02705e-05,-3.02614e-05,-3.02269e-05,-3.03177e-05,-3.02363e-05,-3.01616e-05,-3.00575e-05,-3.00249e-05,-2.99199e-05,-2.99856e-05,-2.99145e-05,-2.98706e-05,-2.96991e-05,-2.96959e-05,-2.97456e-05,-2.97193e-05,-2.96546e-05,-2.9676e-05,-2.95576e-05,-2.95613e-05,-2.94936e-05,-2.93858e-05,-2.93719e-05,-2.93496e-05,-2.92859e-05,-2.91915e-05,-2.91847e-05,-2.92449e-05,-2.91131e-05,-2.91708e-05,-2.91003e-05,-2.90152e-05,-2.89513e-05,-2.89022e-05,-2.88517e-05,-2.87684e-05,-2.8771e-05,-2.87397e-05,-2.8754e-05,-2.88016e-05,-2.8585e-05,-2.85522e-05,-2.8599e-05,-2.84889e-05,-2.84637e-05,-2.84774e-05,-2.85097e-05,-2.83476e-05,-2.83918e-05
-3.05674e-05,-3.04589e-05,-3.0595e-05,-3.0518e-05,-3.04527e-05,-3.03796e-05,-3.03292e-05,-3.02564e-05,-3.01517e-05,-3.01574e-05,-3.01351e-05,-3.01451e-05,-3.00575e-05,-2.98589e-05,-2.99554e-05,-2.99297e-05,-2.9886e-05,-2.9779e-05,-2.98912e-05,-2.97499e-05,-2.96549e-05,-2.96309e-05,-2.96498e-05,-2.95391e-05,-2.9623e-05,-2.94929e-05,-2.94444e-05,-2.93202e-05,-2.94236e-05,-2.92698e-05,-2.93591e-05,-2.93329e-05,-2.9195e-05,-2.92512e-05,-2.91077e-05,-2.90366e-05,-2.90835e-05,-2.88931e-05,-2.89377e-05,-2.89267e-05,-2.88898e-05,-2.89184e-05,-2.8919e-05,-2.88476e-05,-2.87574e-05,-2.87463e-05,-2.873e-05,-2.87186e-05,-2.86519e-05,-2.84532e-05
-3.08256e-05,-3.07106e-05,-3.078e-05,-3.06559e-05,-3.07963e-05,-3.06522e-05,-3.06263e-05,-3.05389e-05,-3.05367e-05,-3.03811e-05,-3.04565e-05,-3.0251e-05,-3.0317e-05,-3.01931e-05,-3.01865e-05,-3.0172e-05,-3.00838e-05,-3.01494e-05,-2.99705e-05,-3.0085e-05,-3.00194e-05,-2.99084e-05,-2.9815e-05,-2.97977e-05,-2.98174e-05,-2.96952e-05,-2.96664e-05,-2.96761e-05,-2.96302e-05,-2.96066e-05,-2.95874e-05,-2.95024e-05,-2.95078e-05,-2.94336e-05,-2.92924e-05,-2.92824e-05,-2.91454e-05,-2.92704e-05,-2.92266e-05,-2.92023e-05,-2.91299e-05,-2.90297e-05,-2.90109e-05,-2.90157e-05,-2.89701e-05,-2.89455e-05,-2.89761e-05,-2.89569e-05,-2.88708e-05,-2.87891e-05
-3.09329e-05,-3.09681e-05,-3.1018e-05,-3.09341e-05,-3.09042e-05,-3.08288e-05,-3.08243e-05,-3.07541e-05,-3.06662e-05,-3.06411e-05,-3.06443e-05,-3.05547e-05,-3.04905e-05,-3.03598e-05,-3.02819e-05,-3.03295e-05,-3.02802e-05,-3.02605e-05,-3.023e-05,-3.02571e-05,-3.01467e-05,-3.00733e-05,-3.01427e-05,-3.00152e-05,-3.00645e-05,-2.99407e-05,-2.99461e-05,-2.97763e-05,-2.98817e-05,-2.9723e-05,-2.97832e-05,-2.97969e-05,-2.96037e-05,-2.95726e-05,-2.95555e-05,-2.94744e-05,-2.93897e-05,-2.93957e-05,-2.93245e-05,-2.93442e-05,-2.92814e-05,-2.92957e-05,-2.92974e-05,-2.9272e-05,-2.91353e-05,-2.91798e-05,-2.92261e-05,-2.9149e-05,-2.91188e-05,-2.89761e-05
-3.1284e-05,-3.12643e-05,-3.12244e-05,-3.11505e-05,-3.11733e-05,-3.10469e-05,-3.10396e-05,-3.09571e-05,-3.09314e-05,-3.08129e-05,-3.08635e-05,-3.07193e-05,-3.07428e-05,-3.05886e-05,-3.05416e-05,-3.06055e-05,-3.05133e-05,-3.05236e-05,-3.04181e-05,-3.04592e-05,-3.04509e-05,-3.02682e-05,-3.02708e-05,-3.02441e-05,-3.02663e-05,-3.01459e-05,-3.00292e-05,-3.00986e-05,-3.01191e-05,-3.00812e-05,-3.01066e-05,-3.00081e-05,-2.99157e-05,-2.98152e-05,-2.99066e-05,-2.97972e-05,-2.96594e-05,-2.96281e-05,-2.96738e-05,-2.96624e-05,-2.95446e-05,-2.95012e-05,-2.94535e-05,-2.94544e-05,-2.93553e-05,-2.93799e-05,-2.93437e-05,-2.93383e-05,-2.92769e-05,-2.92047e-05
-3.14749e-05,-3.13788e-05,-3.15041e-05,-3.14396e-05,-3.13212e-05,-3.12647e-05,-3.12944e-05,-3.1176e-05,-3.11554e-05,-3.10224e-05,-3.10222e-05,-3.09987e-05,-3.0809e-05,-3.08469e-05,-3.0831e-05,-3.08107e-05,-3.07942e-05,-3.06555e-05,-3.06532e-05,-3.06104e-05,-3.05516e-05,-3.05405e-05,-3.04991e-05,-3.05149e-05,-3.0512e-05,-3.03223e-05,-3.02995e-05,-3.02587e-05,-3.02667e-05,-3.02019e-05,-3.01269e-05,-3.01491e-05,-3.00992e-05,-3.01312e-05,-3.00256e-05,-2.98783e-05,-2.98578e-05,-2.98764e-05,-2.98433e-05,-2.98964e-05,-2.97298e-05,-2.97486e-05,-2.9804e-05,-2.97212e-05,-2.96741e-05,-2.96727e-05,-2.95865e-05,-2.95138e-05,-2.95611e-05,-2.93508e-05
-3.17615e-05,-3.16439e-05,-3.16879e-05,-3.16856e-05,-3.15406e-05,-3.1576e-05,-3.15087e-05,-3.13929e-05,-3.12747e-05,-3.12391e-05,-3.12793e-05,-3.12034e-05,-3.11712e-05,-3.10853e-05,-3.0954e-05,-3.10567e-05,-3.09631e-05,-3.09632e-05,-3.09791e-05,-3.09087e-05,-3.08393e-05,-3.07252e-05,-3.06978e-05,-3.0671e-05,-3.06202e-05,-3.06191e-05,-3.05084e-05,-3.05535e-05,-3.05272e-05,-3.04454e-05,-3.04317e-05,-3.04659e-05,-3.03849e-05,-3.02958e-05,-3.01837e-05,-3.02031e-05,-3.00533e-05,-3.01198e-05,-3.00388e-05,-3.00337e-05,-2.99875e-05,-2.98982e-05,-2.99767e-05,-2.98297e-05,-2.98722e-05,-2.97732e-05,-2.98083e-05,-2.98126e-05,-2.97444e-05,-2.96565e-05
-3.19504e-05,-3.18234e-05,-3.19362e-05,-3.18714e-05,-3.1735e-05,-3.16979e-05,-3.17682e-05,-3.16649e-05,-3.15596e-05,-3.14554e-05,-3.15011e-05,-3.15011e-05,-3.1311e-05,-3.11846e-05,-3.12334e-05,-3.12822e-05,-3.12468e-05,-3.11575e-05,-3.1157e-05,-3.10791e-05,-3.08938e-05,-3.10274e-05,-3.09238e-05,-3.09239e-05,-3.09918e-05,-3.08032e-05,-3.07627e-05,-3.0598e-05,-3.07678e-05,-3.06249e-05,-3.06386e-05,-3.06183e-05,-3.05758e-05,-3.05838e-05,-3.03664e-05,-3.03598e-05,-3.02336e-05,-3.03165e-05,-3.02103e-05,-3.01767e-05,-3.0227e-05,-3.02196e-05,-3.01762e-05,-3.01051e-05,-3.00723e-05,-3.00826e-05,-3.00637e-05,-3.00603e-05,-3.00192e-05,-2.98788e-05
-3.2173e-05,-3.21277e-05,-3.21602e-05,-3.20738e-05,-3.19927e-05,-3.19622e-05,-3.19254e-05,-3.18732e-05,-3.17859e-05,-3.16692e-05,-3.17245e-05,-3.16903e-05,-3.16247e-05,-3.15653e-05,-3.14991e-05,-3.15017e-05,-3.14529e-05,-3.147e-05,-3.14027e-05,-3.12426e-05,-3.12634e-05,-3.11444e-05,-3.11627e-05,-3.11046e-05,-3.11202e-05,-3.1005e-05,-3.10187e-05,-3.09502e-05,-3.09536e-05,-3.08966e-05,-3.0924e-05,-3.09209e-05,-3.07859e-05,-3.07867e-05,-3.07094e-05,-3.06817e-05,-3.04945e-05,-3.04994e-05,-3.05446e-05,-3.0483e-05,-3.0415e-05,-3.03463e-05,-3.03794e-05,-3.03257e-05,-3.02641e-05,-3.02387e-05,-3.01965e-05,-3.01896e-05,-3.01502e-05,-3.00795e-05
-3.24099e-05,-3.22858e-05,-3.23223e-05,-3.23012e-05,-3.22244e-05,-3.21186e-05,-3.21675e-05,-3.21218e-05,-3.19959e-05,-3.19058e-05,-3.19063e-05,-3.17962e-05,-3.17103e-05,-3.17817e-05,-3.17223e-05,-3.17985e-05,-3.17557e-05,-3.16085e-05,-3.15594e-05,-3.15331e-05,-3.14655e-05,-3.14846e-05,-3.14361e-05,-3.13917e-05,-3.13919e-05,-3.12724e-05,-3.12364e-05,-3.11714e-05,-3.11468e-05,-3.1065e-05,-3.1043e-05,-3.10039e-05,-3.10082e-05,-3.10376e-05,-3.07907e-05,-3.07733e-05,-3.07006e-05,-3.07183e-05,-3.06542e-05,-3.07053e-05,-3.05746e-05,-3.05606e-05,-3.06585e-05,-3.05498e-05,-3.05404e-05,-3.05204e-05,-3.04393e-05,-3.05175e-05,-3.03611e-05,-3.0231e-05
-3.26137e-05,-3.2636e-05,-3.25487e-05,-3.26083e-05,-3.24468e-05,-3.24468e-05,-3.2317e-05,-3.23422e-05,-3.21872e-05,-3.21583e-05,-3.21815e-05,-3.21295e-05,-3.20733e-05,-3.1992e-05,-3.19412e-05,-3.1966e-05,-3.18739e-05,-3.18328e-05,-3.18808e-05,-3.17609e-05,-3.17629e-05,-3.15922e-05,-3.1588e-05,-3.15858e-05,-3.16052e-05,-3.14962e-05,-3.15178e-05,-3.13911e-05,-3.13532e-05,-3.13715e-05,-3.13378e-05,-3.13438e-05,-3.12351e-05,-3.11381e-05,-3.11278e-05,-3.10496e-05,-3.10134e-05,-3.09743e-05,-3.10038e-05,-3.09633e-05,-3.08657e-05,-3.07607e-05,-3.083e-05,-3.07384e-05,-3.06268e-05,-3.06557e-05,-3.0622e-05,-3.06306e-05,-3.05872e-05,-3.0517e-05
-3.29237e-05,-3.27513e-05,-3.27396e-05,-3.27285e-05,-3.27019e-05,-3.25718e-05,-3.26135e-05,-3.24943e-05,-3.24283e-05,-3.23501e-05,-3.23556e-05,-3.23422e-05,-3.22706e-05,-3.21278e-05,-3.20491e-05,-3.21898e-05,-3.22027e-05,-3.21122e-05,-3.20206e-05,-3.19835e-05,-3.18534e-05,-3.18645e-05,-3.18206e-05,-3.18575e-05,-3.1868e-05,-3.16625e-05,-3.17359e-05,-3.15681e-05,-3.16021e-05,-3.14468e-05,-3.14474e-05,-3.14922e-05,-3.14454e-05,-3.1474e-05,-3.12109e-05,-3.11441e-05,-3.12112e-05,-3.12509e-05,-3.11465e-05,-3.11745e-05,-3.11057e-05,-3.09648e-05,-3.1001e-05,-3.10704e-05,-3.09508e-05,-3.0965e-05,-3.0963e-05,-3.09836e-05,-3.0711e-05,-3.07113e-05
-3.30606e-05,-3.30498e-05,-3.30355e-05,-3.3015e-05,-3.2884e-05,-3.28324e-05,-3.28807e-05,-3.27768e-05,-3.27234e-05,-3.25582e-05,-3.25428e-05,-3.26099e-05,-3.24903e-05,-3.24267e-05,-3.2379e-05,-3.23656e-05,-3.24173e-05,-3.23442e-05,-3.21736e-05,-3.21827e-05,-3.21802e-05,-3.2108e-05,-3.21134e-05,-3.20932e-05,-3.20521e-05,-3.19297e-05,-3.18538e-05,-3.17767e-05,-3.18241e-05,-3.18079e-05,-3.17845e-05,-3.1821e-05,-3.16618e-05,-3.16829e-05,-3.15745e-05,-3.14623e-05,-3.14429e-05,-3.13265e-05,-3.14659e-05,-3.13743e-05,-3.13172e-05,-3.11842e-05,-3.12367e-05,-3.12516e-05,-3.10943e-05,-3.11203e-05,-3.10541e-05,-3.10438e-05,-3.09936e-05,-3.08586e-05
-3.32693e-05,-3.32778e-05,-3.318e-05,-3.32057e-05,-3.30618e-05,-3.30062e-05,-3.30779e-05,-3.29149e-05,-3.2859e-05,-3.28179e-05,-3.27691e-05,-3.28336e-05,-3.26419e-05,-3.2655e-05,-3.2647e-05,-3.26453e-05,-3.26873e-05,-3.24732e-05,-3.24253e-05,-3.24984e-05,-3.23323e-05,-3.23876e-05,-3.22573e-05,-3.23258e-05,-3.22816e-05,-3.21363e-05,-3.21078e-05,-3.20847e-05,-3.21489e-05,-3.19432e-05,-3.20556e-05,-3.19809e-05,-3.18975e-05,-3.19118e-05,-3.16721e-05,-3.16527e-05,-3.15782e-05,-3.16915e-05,-3.16611e-05,-3.15515e-05,-3.15706e-05,-3.14114e-05,-3.14902e-05,-3.14088e-05,-3.14534e-05,-3.13286e-05,-3.13018e-05,-3.136e-05,-3.11603e-05,-3.11823e-05
-3.3551e-05,-3.33897e-05,-3.3509e-05,-3.35119e-05,-3.32585e-05,-3.33829e-05,-3.32466e-05,-3.32058e-05,-3.30557e-05,-3.30608e-05,-3.30348e-05,-3.30468e-05,-3.30115e-05,-3.28856e-05,-3.28722e-05,-3.27886e-05,-3.27481e-05,-3.2675e-05,-3.27492e-05,-3.26673e-05,-3.26046e-05,-3.24793e-05,-3.24993e-05,-3.2442e-05,-3.24956e-05,-3.23792e-05,-3.2333e-05,-3.22622e-05,-3.22936e-05,-3.22017e-05,-3.21881e-05,-3.22083e-05,-3.20748e-05,-3.21173e-05,-3.20785e-05,-3.19369e-05,-3.18676e-05,-3.18713e-05,-3.1882e-05,-3.18566e-05,-3.17476e-05,-3.15952e-05,-3.17213e-05,-3.16557e-05,-3.15535e-05,-3.15019e-05,-3.14531e-05,-3.15413e-05,-3.15216e-05,-3.13238e-05
-3.37744e-05,-3.37334e-05,-3.3672e-05,-3.35796e-05,-3.36409e-05,-3.3464e-05,-3.35514e-05,-3.33316e-05,-3.32828e-05,-3.32109e-05,-3.32075e-05,-3.31447e-05,-3.32078e-05,-3.31387e-05,-3.29846e-05,-3.30471e-05,-3.29972e-05,-3.29576e-05,-3.28115e-05,-3.28797e-05,-3.28015e-05,-3.27099e-05,-3.25866e-05,-3.27979e-05,-3.27242e-05,-3.25855e-05,-3.25305e-05,-3.24591e-05,-3.2565e-05,-3.24144e-05,-3.24755e-05,-3.22423e-05,-3.2363e-05,-3.22982e-05,-3.22312e-05,-3.21935e-05,-3.20563e-05,-3.21579e-05,-3.20906e-05,-3.21466e-05,-3.21149e-05,-3.18001e-05,-3.18989e-05,-3.19089e-05,-3.18555e-05,-3.17556e-05,-3.1692e-05,-3.17807e-05,-3.16572e-05,-3.17006e-05
-3.38815e-05,-3.39626e-05,-3.39543e-05,-3.39118e-05,-3.37916e-05,-3.37617e-05,-3.36733e-05,-3.36379e-05,-3.34766e-05,-3.34224e-05,-3.34239e-05,-3.34647e-05,-3.34031e-05,-3.33425e-05,-3.33089e-05,-3.31813e-05,-3.32215e-05,-3.31922e-05,-3.32327e-05,-3.30349e-05,-3.30235e-05,-3.29927e-05,-3.29425e-05,-3.28629e-05,-3.29445e-05,-3.28449e-05,-3.27479e-05,-3.26649e-05,-3.26906e-05,-3.26621e-05,-3.26067e-05,-3.25828e-05,-3.25014e-05,-3.24917e-05,-3.24432e-05,-3.23904e-05,-3.23519e-05,-3.22418e-05,-3.23383e-05,-3.23098e-05,-3.21566e-05,-3.2025e-05,-3.21429e-05,-3.20804e-05,-3.2009e-05,-3.19214e-05,-3.19363e-05,-3.19337e-05,-3.19112e-05,-3.18721e-05
-3.41983e-05,-3.41375e-05,-3.40804e-05,-3.40784e-05,-3.39877e-05,-3.3934e-05,-3.40235e-05,-3.37566e-05,-3.36364e-05,-3.36182e-05,-3.36941e-05,-3.35717e-05,-3.35455e-05,-3.36273e-05,-3.34907e-05,-3.34376e-05,-3.35418e-05,-3.34296e-05,-3.32881e-05,-3.33706e-05,-3.33038e-05,-3.32005e-05,-3.31549e-05,-3.31894e-05,-3.31044e-05,-3.30036e-05,-3.297e-05,-3.297e-05,-3.30054e-05,-3.29233e-05,-3.29378e-05,-3.28505e-05,-3.27435e-05,-3.26864e-05,-3.26887e-05,-3.26159e-05,-3.2568e-05,-3.26017e-05,-3.25087e-05,-3.25504e-05,-3.2422e-05,-3.22339e-05,-3.2299e-05,-3.23284e-05,-3.22842e-05,-3.21247e-05,-3.21038e-05,-3.20938e-05,-3.20753e-05,-3.20839e-05
-3.44032e-05,-3.43307e-05,-3.44029e-05,-3.43473e-05,-3.42203e-05,-3.41278e-05,-3.41821e-05,-3.41005e-05,-3.38659e-05,-3.39156e-05,-3.38656e-05,-3.38682e-05,-3.37678e-05,-3.3776e-05,-3.37507e-05,-3.36074e-05,-3.36562e-05,-3.34807e-05,-3.35752e-05,-3.35161e-05,-3.34756e-05,-3.3366e-05,-3.3368e-05,-3.3311e-05,-3.33024e-05,-3.32782e-05,-3.32714e-05,-3.3081e-05,-3.31644e-05,-3.30779e-05,-3.30086e-05,-3.29969e-05,-3.29138e-05,-3.29655e-05,-3.28568e-05,-3.2764e-05,-3.28251e-05,-3.27259e-05,-3.27391e-05,-3.2662e-05,-3.26506e-05,-3.24928e-05,-3.25145e-05,-3.25222e-05,-3.2464e-05,-3.24043e-05,-3.23481e-05,-3.23167e-05,-3.23507e-05,-3.22822e-05
-3.46021e-05,-3.45174e-05,-3.43901e-05,-3.45006e-05,-3.45057e-05,-3.43319e-05,-3.42769e-05,-3.42304e-05,-3.40774e-05,-3.40945e-05,-3.41402e-05,-3.40329e-05,-3.40269e-05,-3.40244e-05,-3.38503e-05,-3.39162e-05,-3.389e-05,-3.37778e-05,-3.36973e-05,-3.37727e-05,-3.36449e-05,-3.35438e-05,-3.35393e-05,-3.36104e-05,-3.35328e-05,-3.34394e-05,-3.33969e-05,-3.33664e-05,-3.33924e-05,-3.33268e-05,-3.32994e-05,-3.31838e-05,-3.32438e-05,-3.31436e-05,-3.31385e-05,-3.31011e-05,-3.29524e-05,-3.29442e-05,-3.29406e-05,-3.30411e-05,-3.29175e-05,-3.26592e-05,-3.26823e-05,-3.27508e-05,-3.26723e-05,-3.26655e-05,-3.25836e-05,-3.25807e-05,-3.24957e-05,-3.25225e-05
-3.4718e-05,-3.47988e-05,-3.48293e-05,-3.46938e-05,-3.45559e-05,-3.4492e-05,-3.44912e-05,-3.44929e-05,-3.43277e-05,-3.43312e-05,-3.42886e-05,-3.43369e-05,-3.42253e-05,-3.41166e-05,-3.41134e-05,-3.4136e-05,-3.41063e-05,-3.39322e-05,-3.39542e-05,-3.38489e-05,-3.3817e-05,-3.3745e-05,-3.37865e-05,-3.37343e-05,-3.375e-05,-3.37257e-05,-3.36943e-05,-3.35711e-05,-3.35354e-05,-3.34989e-05,-3.34221e-05,-3.34675e-05,-3.33659e-05,-3.34139e-05,-3.32958e-05,-3.31864e-05,-3.31936e-05,-3.30584e-05,-3.30507e-05,-3.31826e-05,-3.30636e-05,-3.29283e-05,-3.29751e-05,-3.2964e-05,-3.28598e-05,-3.28867e-05,-3.27668e-05,-3.2768e-05,-3.27494e-05,-3.26438e-05
